"Data Source","Indicadores del desarrollo mundial",

"Last Updated Date","2022-06-30",

"Country Name","Country Code","Indicator Name","Indicator Code","1960","1961","1962","1963","1964","1965","1966","1967","1968","1969","1970","1971","1972","1973","1974","1975","1976","1977","1978","1979","1980","1981","1982","1983","1984","1985","1986","1987","1988","1989","1990","1991","1992","1993","1994","1995","1996","1997","1998","1999","2000","2001","2002","2003","2004","2005","2006","2007","2008","2009","2010","2011","2012","2013","2014","2015","2016","2017","2018","2019","2020","2021",
"Aruba","ABW","Calificación de políticas e instituciones para la sostenibilidad ambiental de la CPIA (1=bajo a 6=alto)","IQ.CPA.ENVR.XQ","","","","","","","","","","","","","","","","","","","","","","","","","","","","","","","","","","","","","","","","","","","","","","","","","","","","","","","","","","","","","","",
"","AFE","Calificación de políticas e instituciones para la sostenibilidad ambiental de la CPIA (1=bajo a 6=alto)","IQ.CPA.ENVR.XQ","","","","","","","","","","","","","","","","","","","","","","","","","","","","","","","","","","","","","","","","","","","","","","3","3.02777777777778","3.05555555555556","2.97222222222222","2.94444444444444","3","3.08333333333333","3.07894736842105","3.05263157894737","3.11111111111111","3.16666666666667","3.11111111111111","3.07894736842105","3.11111111111111","3.07894736842105","3.13157894736842","",
"Afganistán","AFG","Calificación de políticas e instituciones para la sostenibilidad ambiental de la CPIA (1=bajo a 6=alto)","IQ.CPA.ENVR.XQ","","","","","","","","","","","","","","","","","","","","","","","","","","","","","","","","","","","","","","","","","","","","","","","2","2","2.5","2.5","2.5","2.5","2.5","2.5","2.5","2.5","2.5","2.5","2.5","2.5","2.5","",
"","AFW","Calificación de políticas e instituciones para la sostenibilidad ambiental de la CPIA (1=bajo a 6=alto)","IQ.CPA.ENVR.XQ","","","","","","","","","","","","","","","","","","","","","","","","","","","","","","","","","","","","","","","","","","","","","","3.10526315789474","2.94736842105263","2.94736842105263","2.92105263157895","2.9","2.975","3.175","3.175","3.125","3.225","3.275","3.225","3.275","3.3","3.375","3.375","",
"Angola","AGO","Calificación de políticas e instituciones para la sostenibilidad ambiental de la CPIA (1=bajo a 6=alto)","IQ.CPA.ENVR.XQ","","","","","","","","","","","","","","","","","","","","","","","","","","","","","","","","","","","","","","","","","","","","","","2.5","3","3","3","3","3","2.5","2.5","2.5","","","","","","","","",
"Albania","ALB","Calificación de políticas e instituciones para la sostenibilidad ambiental de la CPIA (1=bajo a 6=alto)","IQ.CPA.ENVR.XQ","","","","","","","","","","","","","","","","","","","","","","","","","","","","","","","","","","","","","","","","","","","","","","3","3","","","","","","","","","","","","","","","",
"Andorra","AND","Calificación de políticas e instituciones para la sostenibilidad ambiental de la CPIA (1=bajo a 6=alto)","IQ.CPA.ENVR.XQ","","","","","","","","","","","","","","","","","","","","","","","","","","","","","","","","","","","","","","","","","","","","","","","","","","","","","","","","","","","","","","",
"El mundo árabe","ARB","Calificación de políticas e instituciones para la sostenibilidad ambiental de la CPIA (1=bajo a 6=alto)","IQ.CPA.ENVR.XQ","","","","","","","","","","","","","","","","","","","","","","","","","","","","","","","","","","","","","","","","","","","","","","2.8","2.8","2.8","2.8","2.8","2.8","2.7","2.6","2.7","2.7","2.7","2.7","2.58333333333333","2.7","2.5","2.5","",
"Emiratos Árabes Unidos","ARE","Calificación de políticas e instituciones para la sostenibilidad ambiental de la CPIA (1=bajo a 6=alto)","IQ.CPA.ENVR.XQ","","","","","","","","","","","","","","","","","","","","","","","","","","","","","","","","","","","","","","","","","","","","","","","","","","","","","","","","","","","","","","",
"Argentina","ARG","Calificación de políticas e instituciones para la sostenibilidad ambiental de la CPIA (1=bajo a 6=alto)","IQ.CPA.ENVR.XQ","","","","","","","","","","","","","","","","","","","","","","","","","","","","","","","","","","","","","","","","","","","","","","","","","","","","","","","","","","","","","","",
"Armenia","ARM","Calificación de políticas e instituciones para la sostenibilidad ambiental de la CPIA (1=bajo a 6=alto)","IQ.CPA.ENVR.XQ","","","","","","","","","","","","","","","","","","","","","","","","","","","","","","","","","","","","","","","","","","","","","","3.5","3.5","3.5","3","3","3","3","3","3","","","","","","","","",
"Samoa Americana","ASM","Calificación de políticas e instituciones para la sostenibilidad ambiental de la CPIA (1=bajo a 6=alto)","IQ.CPA.ENVR.XQ","","","","","","","","","","","","","","","","","","","","","","","","","","","","","","","","","","","","","","","","","","","","","","","","","","","","","","","","","","","","","","",
"Antigua y Barbuda","ATG","Calificación de políticas e instituciones para la sostenibilidad ambiental de la CPIA (1=bajo a 6=alto)","IQ.CPA.ENVR.XQ","","","","","","","","","","","","","","","","","","","","","","","","","","","","","","","","","","","","","","","","","","","","","","","","","","","","","","","","","","","","","","",
"Australia","AUS","Calificación de políticas e instituciones para la sostenibilidad ambiental de la CPIA (1=bajo a 6=alto)","IQ.CPA.ENVR.XQ","","","","","","","","","","","","","","","","","","","","","","","","","","","","","","","","","","","","","","","","","","","","","","","","","","","","","","","","","","","","","","",
"Austria","AUT","Calificación de políticas e instituciones para la sostenibilidad ambiental de la CPIA (1=bajo a 6=alto)","IQ.CPA.ENVR.XQ","","","","","","","","","","","","","","","","","","","","","","","","","","","","","","","","","","","","","","","","","","","","","","","","","","","","","","","","","","","","","","",
"Azerbaiyán","AZE","Calificación de políticas e instituciones para la sostenibilidad ambiental de la CPIA (1=bajo a 6=alto)","IQ.CPA.ENVR.XQ","","","","","","","","","","","","","","","","","","","","","","","","","","","","","","","","","","","","","","","","","","","","","","3","3","3","3","3","3","","","","","","","","","","","",
"Burundi","BDI","Calificación de políticas e instituciones para la sostenibilidad ambiental de la CPIA (1=bajo a 6=alto)","IQ.CPA.ENVR.XQ","","","","","","","","","","","","","","","","","","","","","","","","","","","","","","","","","","","","","","","","","","","","","","2.5","3","3","3","3","3","3","3","3","3","3","3","3","3","3","3.5","",
"Bélgica","BEL","Calificación de políticas e instituciones para la sostenibilidad ambiental de la CPIA (1=bajo a 6=alto)","IQ.CPA.ENVR.XQ","","","","","","","","","","","","","","","","","","","","","","","","","","","","","","","","","","","","","","","","","","","","","","","","","","","","","","","","","","","","","","",
"Benin","BEN","Calificación de políticas e instituciones para la sostenibilidad ambiental de la CPIA (1=bajo a 6=alto)","IQ.CPA.ENVR.XQ","","","","","","","","","","","","","","","","","","","","","","","","","","","","","","","","","","","","","","","","","","","","","","3.5","3.5","3.5","3.5","3.5","3.5","3.5","3.5","3.5","3.5","3.5","3.5","3.5","3.5","3.5","3.5","",
"Burkina Faso","BFA","Calificación de políticas e instituciones para la sostenibilidad ambiental de la CPIA (1=bajo a 6=alto)","IQ.CPA.ENVR.XQ","","","","","","","","","","","","","","","","","","","","","","","","","","","","","","","","","","","","","","","","","","","","","","3.5","3.5","3.5","3.5","3.5","3.5","4","4","4","4","4","4","4","4","4","4","",
"Bangladesh","BGD","Calificación de políticas e instituciones para la sostenibilidad ambiental de la CPIA (1=bajo a 6=alto)","IQ.CPA.ENVR.XQ","","","","","","","","","","","","","","","","","","","","","","","","","","","","","","","","","","","","","","","","","","","","","","3","3","3","3","3","3","2.5","2.5","3","3","3","3","3","3","3","3","",
"Bulgaria","BGR","Calificación de políticas e instituciones para la sostenibilidad ambiental de la CPIA (1=bajo a 6=alto)","IQ.CPA.ENVR.XQ","","","","","","","","","","","","","","","","","","","","","","","","","","","","","","","","","","","","","","","","","","","","","","","","","","","","","","","","","","","","","","",
"Bahrein","BHR","Calificación de políticas e instituciones para la sostenibilidad ambiental de la CPIA (1=bajo a 6=alto)","IQ.CPA.ENVR.XQ","","","","","","","","","","","","","","","","","","","","","","","","","","","","","","","","","","","","","","","","","","","","","","","","","","","","","","","","","","","","","","",
"Bahamas","BHS","Calificación de políticas e instituciones para la sostenibilidad ambiental de la CPIA (1=bajo a 6=alto)","IQ.CPA.ENVR.XQ","","","","","","","","","","","","","","","","","","","","","","","","","","","","","","","","","","","","","","","","","","","","","","","","","","","","","","","","","","","","","","",
"Bosnia y Herzegovina","BIH","Calificación de políticas e instituciones para la sostenibilidad ambiental de la CPIA (1=bajo a 6=alto)","IQ.CPA.ENVR.XQ","","","","","","","","","","","","","","","","","","","","","","","","","","","","","","","","","","","","","","","","","","","","","","3","3.5","3.5","3.5","3.5","3.5","3.5","3.5","3.5","","","","","","","","",
"Belarús","BLR","Calificación de políticas e instituciones para la sostenibilidad ambiental de la CPIA (1=bajo a 6=alto)","IQ.CPA.ENVR.XQ","","","","","","","","","","","","","","","","","","","","","","","","","","","","","","","","","","","","","","","","","","","","","","","","","","","","","","","","","","","","","","",
"Belice","BLZ","Calificación de políticas e instituciones para la sostenibilidad ambiental de la CPIA (1=bajo a 6=alto)","IQ.CPA.ENVR.XQ","","","","","","","","","","","","","","","","","","","","","","","","","","","","","","","","","","","","","","","","","","","","","","","","","","","","","","","","","","","","","","",
"Bermudas","BMU","Calificación de políticas e instituciones para la sostenibilidad ambiental de la CPIA (1=bajo a 6=alto)","IQ.CPA.ENVR.XQ","","","","","","","","","","","","","","","","","","","","","","","","","","","","","","","","","","","","","","","","","","","","","","","","","","","","","","","","","","","","","","",
"Bolivia","BOL","Calificación de políticas e instituciones para la sostenibilidad ambiental de la CPIA (1=bajo a 6=alto)","IQ.CPA.ENVR.XQ","","","","","","","","","","","","","","","","","","","","","","","","","","","","","","","","","","","","","","","","","","","","","","3.5","3.5","3.5","3.5","3.5","3.5","3.5","3.5","3.5","3.5","3.5","","","","","","",
"Brasil","BRA","Calificación de políticas e instituciones para la sostenibilidad ambiental de la CPIA (1=bajo a 6=alto)","IQ.CPA.ENVR.XQ","","","","","","","","","","","","","","","","","","","","","","","","","","","","","","","","","","","","","","","","","","","","","","","","","","","","","","","","","","","","","","",
"Barbados","BRB","Calificación de políticas e instituciones para la sostenibilidad ambiental de la CPIA (1=bajo a 6=alto)","IQ.CPA.ENVR.XQ","","","","","","","","","","","","","","","","","","","","","","","","","","","","","","","","","","","","","","","","","","","","","","","","","","","","","","","","","","","","","","",
"Brunei Darussalam","BRN","Calificación de políticas e instituciones para la sostenibilidad ambiental de la CPIA (1=bajo a 6=alto)","IQ.CPA.ENVR.XQ","","","","","","","","","","","","","","","","","","","","","","","","","","","","","","","","","","","","","","","","","","","","","","","","","","","","","","","","","","","","","","",
"Bhután","BTN","Calificación de políticas e instituciones para la sostenibilidad ambiental de la CPIA (1=bajo a 6=alto)","IQ.CPA.ENVR.XQ","","","","","","","","","","","","","","","","","","","","","","","","","","","","","","","","","","","","","","","","","","","","","","4.5","4.5","4.5","4.5","4.5","4.5","4","4","4","4","4","4","4","4","4","4","",
"Botswana","BWA","Calificación de políticas e instituciones para la sostenibilidad ambiental de la CPIA (1=bajo a 6=alto)","IQ.CPA.ENVR.XQ","","","","","","","","","","","","","","","","","","","","","","","","","","","","","","","","","","","","","","","","","","","","","","","","","","","","","","","","","","","","","","",
"República Centroafricana","CAF","Calificación de políticas e instituciones para la sostenibilidad ambiental de la CPIA (1=bajo a 6=alto)","IQ.CPA.ENVR.XQ","","","","","","","","","","","","","","","","","","","","","","","","","","","","","","","","","","","","","","","","","","","","","","2.5","2.5","2.5","2.5","3","3","3","3","2","2","2.5","2.5","2.5","2.5","2.5","2.5","",
"Canadá","CAN","Calificación de políticas e instituciones para la sostenibilidad ambiental de la CPIA (1=bajo a 6=alto)","IQ.CPA.ENVR.XQ","","","","","","","","","","","","","","","","","","","","","","","","","","","","","","","","","","","","","","","","","","","","","","","","","","","","","","","","","","","","","","",
"Europa Central y del Báltico","CEB","Calificación de políticas e instituciones para la sostenibilidad ambiental de la CPIA (1=bajo a 6=alto)","IQ.CPA.ENVR.XQ","","","","","","","","","","","","","","","","","","","","","","","","","","","","","","","","","","","","","","","","","","","","","","","","","","","","","","","","","","","","","","",
"Suiza","CHE","Calificación de políticas e instituciones para la sostenibilidad ambiental de la CPIA (1=bajo a 6=alto)","IQ.CPA.ENVR.XQ","","","","","","","","","","","","","","","","","","","","","","","","","","","","","","","","","","","","","","","","","","","","","","","","","","","","","","","","","","","","","","",
"Islas del Canal","CHI","Calificación de políticas e instituciones para la sostenibilidad ambiental de la CPIA (1=bajo a 6=alto)","IQ.CPA.ENVR.XQ","","","","","","","","","","","","","","","","","","","","","","","","","","","","","","","","","","","","","","","","","","","","","","","","","","","","","","","","","","","","","","",
"Chile","CHL","Calificación de políticas e instituciones para la sostenibilidad ambiental de la CPIA (1=bajo a 6=alto)","IQ.CPA.ENVR.XQ","","","","","","","","","","","","","","","","","","","","","","","","","","","","","","","","","","","","","","","","","","","","","","","","","","","","","","","","","","","","","","",
"China","CHN","Calificación de políticas e instituciones para la sostenibilidad ambiental de la CPIA (1=bajo a 6=alto)","IQ.CPA.ENVR.XQ","","","","","","","","","","","","","","","","","","","","","","","","","","","","","","","","","","","","","","","","","","","","","","","","","","","","","","","","","","","","","","",
"Côte d'Ivoire","CIV","Calificación de políticas e instituciones para la sostenibilidad ambiental de la CPIA (1=bajo a 6=alto)","IQ.CPA.ENVR.XQ","","","","","","","","","","","","","","","","","","","","","","","","","","","","","","","","","","","","","","","","","","","","","","3","3","2.5","2.5","2.5","2.5","2.5","3","3","3","3","3","3.5","3.5","4","4","",
"Camerún","CMR","Calificación de políticas e instituciones para la sostenibilidad ambiental de la CPIA (1=bajo a 6=alto)","IQ.CPA.ENVR.XQ","","","","","","","","","","","","","","","","","","","","","","","","","","","","","","","","","","","","","","","","","","","","","","4","3","3","3","3","3","3","3","3","3","3","3","3","3.5","3.5","3.5","",
"Congo, República Democrática del","COD","Calificación de políticas e instituciones para la sostenibilidad ambiental de la CPIA (1=bajo a 6=alto)","IQ.CPA.ENVR.XQ","","","","","","","","","","","","","","","","","","","","","","","","","","","","","","","","","","","","","","","","","","","","","","2.5","2.5","2.5","2.5","2.5","2.5","2.5","2.5","2.5","2.5","3","3","3","3","3","3.5","",
"Congo, República del","COG","Calificación de políticas e instituciones para la sostenibilidad ambiental de la CPIA (1=bajo a 6=alto)","IQ.CPA.ENVR.XQ","","","","","","","","","","","","","","","","","","","","","","","","","","","","","","","","","","","","","","","","","","","","","","3","2.5","2.5","2.5","2.5","2.5","3","3","3","3","3","2.5","2.5","2.5","2.5","2.5","",
"Colombia","COL","Calificación de políticas e instituciones para la sostenibilidad ambiental de la CPIA (1=bajo a 6=alto)","IQ.CPA.ENVR.XQ","","","","","","","","","","","","","","","","","","","","","","","","","","","","","","","","","","","","","","","","","","","","","","","","","","","","","","","","","","","","","","",
"Comoras","COM","Calificación de políticas e instituciones para la sostenibilidad ambiental de la CPIA (1=bajo a 6=alto)","IQ.CPA.ENVR.XQ","","","","","","","","","","","","","","","","","","","","","","","","","","","","","","","","","","","","","","","","","","","","","","2","2","2","2","2","2","2.5","3","3","3","3","3","3","3","3","3","",
"Cabo Verde","CPV","Calificación de políticas e instituciones para la sostenibilidad ambiental de la CPIA (1=bajo a 6=alto)","IQ.CPA.ENVR.XQ","","","","","","","","","","","","","","","","","","","","","","","","","","","","","","","","","","","","","","","","","","","","","","4","3.5","3.5","3.5","3.5","3.5","3.5","3","3","3","3","3","3.5","3.5","3.5","3.5","",
"Costa Rica","CRI","Calificación de políticas e instituciones para la sostenibilidad ambiental de la CPIA (1=bajo a 6=alto)","IQ.CPA.ENVR.XQ","","","","","","","","","","","","","","","","","","","","","","","","","","","","","","","","","","","","","","","","","","","","","","","","","","","","","","","","","","","","","","",
"Estados pequeos del Caribe","CSS","Calificación de políticas e instituciones para la sostenibilidad ambiental de la CPIA (1=bajo a 6=alto)","IQ.CPA.ENVR.XQ","","","","","","","","","","","","","","","","","","","","","","","","","","","","","","","","","","","","","","","","","","","","","","3.4","3.5","3.5","3.5","3.5","3.5","3.4","3.4","3.4","3.4","3.4","3.4","3.4","3.5","3.5","3.6","",
"Cuba","CUB","Calificación de políticas e instituciones para la sostenibilidad ambiental de la CPIA (1=bajo a 6=alto)","IQ.CPA.ENVR.XQ","","","","","","","","","","","","","","","","","","","","","","","","","","","","","","","","","","","","","","","","","","","","","","","","","","","","","","","","","","","","","","",
"Curacao","CUW","Calificación de políticas e instituciones para la sostenibilidad ambiental de la CPIA (1=bajo a 6=alto)","IQ.CPA.ENVR.XQ","","","","","","","","","","","","","","","","","","","","","","","","","","","","","","","","","","","","","","","","","","","","","","","","","","","","","","","","","","","","","","",
"Islas Caimán","CYM","Calificación de políticas e instituciones para la sostenibilidad ambiental de la CPIA (1=bajo a 6=alto)","IQ.CPA.ENVR.XQ","","","","","","","","","","","","","","","","","","","","","","","","","","","","","","","","","","","","","","","","","","","","","","","","","","","","","","","","","","","","","","",
"Chipre","CYP","Calificación de políticas e instituciones para la sostenibilidad ambiental de la CPIA (1=bajo a 6=alto)","IQ.CPA.ENVR.XQ","","","","","","","","","","","","","","","","","","","","","","","","","","","","","","","","","","","","","","","","","","","","","","","","","","","","","","","","","","","","","","",
"República Checa","CZE","Calificación de políticas e instituciones para la sostenibilidad ambiental de la CPIA (1=bajo a 6=alto)","IQ.CPA.ENVR.XQ","","","","","","","","","","","","","","","","","","","","","","","","","","","","","","","","","","","","","","","","","","","","","","","","","","","","","","","","","","","","","","",
"Alemania","DEU","Calificación de políticas e instituciones para la sostenibilidad ambiental de la CPIA (1=bajo a 6=alto)","IQ.CPA.ENVR.XQ","","","","","","","","","","","","","","","","","","","","","","","","","","","","","","","","","","","","","","","","","","","","","","","","","","","","","","","","","","","","","","",
"Djibouti","DJI","Calificación de políticas e instituciones para la sostenibilidad ambiental de la CPIA (1=bajo a 6=alto)","IQ.CPA.ENVR.XQ","","","","","","","","","","","","","","","","","","","","","","","","","","","","","","","","","","","","","","","","","","","","","","3","3","3","3","3.5","3.5","2.5","2.5","2.5","2.5","2.5","2.5","2.5","2.5","2.5","2.5","",
"Dominica","DMA","Calificación de políticas e instituciones para la sostenibilidad ambiental de la CPIA (1=bajo a 6=alto)","IQ.CPA.ENVR.XQ","","","","","","","","","","","","","","","","","","","","","","","","","","","","","","","","","","","","","","","","","","","","","","3","3.5","3.5","3.5","3.5","3.5","3.5","3.5","3.5","3.5","3.5","3.5","3.5","3.5","3.5","3.5","",
"Dinamarca","DNK","Calificación de políticas e instituciones para la sostenibilidad ambiental de la CPIA (1=bajo a 6=alto)","IQ.CPA.ENVR.XQ","","","","","","","","","","","","","","","","","","","","","","","","","","","","","","","","","","","","","","","","","","","","","","","","","","","","","","","","","","","","","","",
"República Dominicana","DOM","Calificación de políticas e instituciones para la sostenibilidad ambiental de la CPIA (1=bajo a 6=alto)","IQ.CPA.ENVR.XQ","","","","","","","","","","","","","","","","","","","","","","","","","","","","","","","","","","","","","","","","","","","","","","","","","","","","","","","","","","","","","","",
"Argelia","DZA","Calificación de políticas e instituciones para la sostenibilidad ambiental de la CPIA (1=bajo a 6=alto)","IQ.CPA.ENVR.XQ","","","","","","","","","","","","","","","","","","","","","","","","","","","","","","","","","","","","","","","","","","","","","","","","","","","","","","","","","","","","","","",
"Asia oriental y el Pacífico (excluido altos ingresos)","EAP","Calificación de políticas e instituciones para la sostenibilidad ambiental de la CPIA (1=bajo a 6=alto)","IQ.CPA.ENVR.XQ","","","","","","","","","","","","","","","","","","","","","","","","","","","","","","","","","","","","","","","","","","","","","","2.81818181818182","2.83333333333333","2.95454545454545","3","3","3","2.96153846153846","3.03571428571429","2.96666666666667","3","3","2.89285714285714","2.89285714285714","2.89285714285714","2.89285714285714","2.96428571428571","",
"inicial del dividendo demográfico","EAR","Calificación de políticas e instituciones para la sostenibilidad ambiental de la CPIA (1=bajo a 6=alto)","IQ.CPA.ENVR.XQ","","","","","","","","","","","","","","","","","","","","","","","","","","","","","","","","","","","","","","","","","","","","","","3.15","3.18333333333333","3.20689655172414","3.22413793103448","3.25862068965517","3.24137931034483","3.23333333333333","3.25","3.2258064516129","3.23333333333333","3.25","3.22413793103448","3.18965517241379","3.18965517241379","3.24137931034483","3.25862068965517","",
"Asia oriental y el Pacífico","EAS","Calificación de políticas e instituciones para la sostenibilidad ambiental de la CPIA (1=bajo a 6=alto)","IQ.CPA.ENVR.XQ","","","","","","","","","","","","","","","","","","","","","","","","","","","","","","","","","","","","","","","","","","","","","","2.81818181818182","2.83333333333333","2.95454545454545","3","3","3","2.96153846153846","3.03571428571429","2.96666666666667","3","3","2.89285714285714","2.89285714285714","2.89285714285714","2.89285714285714","2.96428571428571","",
"Europa y Asia central (excluido altos ingresos)","ECA","Calificación de políticas e instituciones para la sostenibilidad ambiental de la CPIA (1=bajo a 6=alto)","IQ.CPA.ENVR.XQ","","","","","","","","","","","","","","","","","","","","","","","","","","","","","","","","","","","","","","","","","","","","","","3.2","3.1","3.1875","3.1875","3.16666666666667","3.22222222222222","3.125","3.1875","3.1875","3.2","3.2","3.2","3.2","3.3","3.4","3.25","",
"Europa y Asia central","ECS","Calificación de políticas e instituciones para la sostenibilidad ambiental de la CPIA (1=bajo a 6=alto)","IQ.CPA.ENVR.XQ","","","","","","","","","","","","","","","","","","","","","","","","","","","","","","","","","","","","","","","","","","","","","","3.2","3.1","3.1875","3.1875","3.16666666666667","3.22222222222222","3.125","3.1875","3.1875","3.2","3.2","3.2","3.2","3.3","3.4","3.25","",
"Ecuador","ECU","Calificación de políticas e instituciones para la sostenibilidad ambiental de la CPIA (1=bajo a 6=alto)","IQ.CPA.ENVR.XQ","","","","","","","","","","","","","","","","","","","","","","","","","","","","","","","","","","","","","","","","","","","","","","","","","","","","","","","","","","","","","","",
"Egipto, República Árabe de","EGY","Calificación de políticas e instituciones para la sostenibilidad ambiental de la CPIA (1=bajo a 6=alto)","IQ.CPA.ENVR.XQ","","","","","","","","","","","","","","","","","","","","","","","","","","","","","","","","","","","","","","","","","","","","","","","","","","","","","","","","","","","","","","",
"Zona del Euro","EMU","Calificación de políticas e instituciones para la sostenibilidad ambiental de la CPIA (1=bajo a 6=alto)","IQ.CPA.ENVR.XQ","","","","","","","","","","","","","","","","","","","","","","","","","","","","","","","","","","","","","","","","","","","","","","","","","","","","","","","","","","","","","","",
"Eritrea","ERI","Calificación de políticas e instituciones para la sostenibilidad ambiental de la CPIA (1=bajo a 6=alto)","IQ.CPA.ENVR.XQ","","","","","","","","","","","","","","","","","","","","","","","","","","","","","","","","","","","","","","","","","","","","","","3","2","2","2","2","2","2","2","2","2","2","2","2","2","2","2","",
"España","ESP","Calificación de políticas e instituciones para la sostenibilidad ambiental de la CPIA (1=bajo a 6=alto)","IQ.CPA.ENVR.XQ","","","","","","","","","","","","","","","","","","","","","","","","","","","","","","","","","","","","","","","","","","","","","","","","","","","","","","","","","","","","","","",
"Estonia","EST","Calificación de políticas e instituciones para la sostenibilidad ambiental de la CPIA (1=bajo a 6=alto)","IQ.CPA.ENVR.XQ","","","","","","","","","","","","","","","","","","","","","","","","","","","","","","","","","","","","","","","","","","","","","","","","","","","","","","","","","","","","","","",
"Etiopía","ETH","Calificación de políticas e instituciones para la sostenibilidad ambiental de la CPIA (1=bajo a 6=alto)","IQ.CPA.ENVR.XQ","","","","","","","","","","","","","","","","","","","","","","","","","","","","","","","","","","","","","","","","","","","","","","3.5","3.5","3.5","3","3","3","3.5","3.5","3.5","3.5","4","3.5","3.5","3.5","3.5","3.5","",
"Unión Europea","EUU","Calificación de políticas e instituciones para la sostenibilidad ambiental de la CPIA (1=bajo a 6=alto)","IQ.CPA.ENVR.XQ","","","","","","","","","","","","","","","","","","","","","","","","","","","","","","","","","","","","","","","","","","","","","","","","","","","","","","","","","","","","","","",
"Frágiles y situaciones de conflicto afectados","FCS","Calificación de políticas e instituciones para la sostenibilidad ambiental de la CPIA (1=bajo a 6=alto)","IQ.CPA.ENVR.XQ","","","","","","","","","","","","","","","","","","","","","","","","","","","","","","","","","","","","","","","","","","","","","","2.8125","2.65384615384615","2.71153846153846","2.63461538461538","2.66666666666667","2.72222222222222","2.85714285714286","2.88333333333333","2.80645161290323","2.81666666666667","2.88333333333333","2.8","2.74193548387097","2.78333333333333","2.80645161290323","2.85483870967742","",
"Finlandia","FIN","Calificación de políticas e instituciones para la sostenibilidad ambiental de la CPIA (1=bajo a 6=alto)","IQ.CPA.ENVR.XQ","","","","","","","","","","","","","","","","","","","","","","","","","","","","","","","","","","","","","","","","","","","","","","","","","","","","","","","","","","","","","","",
"Fiji","FJI","Calificación de políticas e instituciones para la sostenibilidad ambiental de la CPIA (1=bajo a 6=alto)","IQ.CPA.ENVR.XQ","","","","","","","","","","","","","","","","","","","","","","","","","","","","","","","","","","","","","","","","","","","","","","","","","","","","","","","","","","","","","4","",
"Francia","FRA","Calificación de políticas e instituciones para la sostenibilidad ambiental de la CPIA (1=bajo a 6=alto)","IQ.CPA.ENVR.XQ","","","","","","","","","","","","","","","","","","","","","","","","","","","","","","","","","","","","","","","","","","","","","","","","","","","","","","","","","","","","","","",
"Islas Feroe","FRO","Calificación de políticas e instituciones para la sostenibilidad ambiental de la CPIA (1=bajo a 6=alto)","IQ.CPA.ENVR.XQ","","","","","","","","","","","","","","","","","","","","","","","","","","","","","","","","","","","","","","","","","","","","","","","","","","","","","","","","","","","","","","",
"Micronesia (Estados Federados de)","FSM","Calificación de políticas e instituciones para la sostenibilidad ambiental de la CPIA (1=bajo a 6=alto)","IQ.CPA.ENVR.XQ","","","","","","","","","","","","","","","","","","","","","","","","","","","","","","","","","","","","","","","","","","","","","","","","","","","","3","3","3","3","3","2.5","2.5","2.5","2.5","3","",
"Gabón","GAB","Calificación de políticas e instituciones para la sostenibilidad ambiental de la CPIA (1=bajo a 6=alto)","IQ.CPA.ENVR.XQ","","","","","","","","","","","","","","","","","","","","","","","","","","","","","","","","","","","","","","","","","","","","","","","","","","","","","","","","","","","","","","",
"Reino Unido","GBR","Calificación de políticas e instituciones para la sostenibilidad ambiental de la CPIA (1=bajo a 6=alto)","IQ.CPA.ENVR.XQ","","","","","","","","","","","","","","","","","","","","","","","","","","","","","","","","","","","","","","","","","","","","","","","","","","","","","","","","","","","","","","",
"Georgia","GEO","Calificación de políticas e instituciones para la sostenibilidad ambiental de la CPIA (1=bajo a 6=alto)","IQ.CPA.ENVR.XQ","","","","","","","","","","","","","","","","","","","","","","","","","","","","","","","","","","","","","","","","","","","","","","3.5","3.5","3","3","3","3","3","3","3","","","","","","","","",
"Ghana","GHA","Calificación de políticas e instituciones para la sostenibilidad ambiental de la CPIA (1=bajo a 6=alto)","IQ.CPA.ENVR.XQ","","","","","","","","","","","","","","","","","","","","","","","","","","","","","","","","","","","","","","","","","","","","","","3.5","3.5","3.5","3.5","3.5","3.5","3.5","4","4","4","4","4","4","4","4","4","",
"Gibraltar","GIB","Calificación de políticas e instituciones para la sostenibilidad ambiental de la CPIA (1=bajo a 6=alto)","IQ.CPA.ENVR.XQ","","","","","","","","","","","","","","","","","","","","","","","","","","","","","","","","","","","","","","","","","","","","","","","","","","","","","","","","","","","","","","",
"Guinea","GIN","Calificación de políticas e instituciones para la sostenibilidad ambiental de la CPIA (1=bajo a 6=alto)","IQ.CPA.ENVR.XQ","","","","","","","","","","","","","","","","","","","","","","","","","","","","","","","","","","","","","","","","","","","","","","2.5","2.5","2.5","2.5","2.5","2.5","2.5","3","3","3.5","3.5","3.5","3.5","3.5","4","4","",
"Gambia","GMB","Calificación de políticas e instituciones para la sostenibilidad ambiental de la CPIA (1=bajo a 6=alto)","IQ.CPA.ENVR.XQ","","","","","","","","","","","","","","","","","","","","","","","","","","","","","","","","","","","","","","","","","","","","","","3","3","3","3.5","3.5","3.5","3.5","3.5","3.5","3.5","3.5","3.5","3.5","3.5","3.5","3.5","",
"Guinea-Bissau","GNB","Calificación de políticas e instituciones para la sostenibilidad ambiental de la CPIA (1=bajo a 6=alto)","IQ.CPA.ENVR.XQ","","","","","","","","","","","","","","","","","","","","","","","","","","","","","","","","","","","","","","","","","","","","","","3","2.5","2.5","2.5","2.5","3","3","2.5","2.5","2.5","2.5","2.5","2.5","2.5","2.5","2.5","",
"Guinea Ecuatorial","GNQ","Calificación de políticas e instituciones para la sostenibilidad ambiental de la CPIA (1=bajo a 6=alto)","IQ.CPA.ENVR.XQ","","","","","","","","","","","","","","","","","","","","","","","","","","","","","","","","","","","","","","","","","","","","","","","","","","","","","","","","","","","","","","",
"Grecia","GRC","Calificación de políticas e instituciones para la sostenibilidad ambiental de la CPIA (1=bajo a 6=alto)","IQ.CPA.ENVR.XQ","","","","","","","","","","","","","","","","","","","","","","","","","","","","","","","","","","","","","","","","","","","","","","","","","","","","","","","","","","","","","","",
"Granada","GRD","Calificación de políticas e instituciones para la sostenibilidad ambiental de la CPIA (1=bajo a 6=alto)","IQ.CPA.ENVR.XQ","","","","","","","","","","","","","","","","","","","","","","","","","","","","","","","","","","","","","","","","","","","","","","4","4","4","4","4","4","4","4","4","4","4","4","4","4","4","4","",
"Groenlandia","GRL","Calificación de políticas e instituciones para la sostenibilidad ambiental de la CPIA (1=bajo a 6=alto)","IQ.CPA.ENVR.XQ","","","","","","","","","","","","","","","","","","","","","","","","","","","","","","","","","","","","","","","","","","","","","","","","","","","","","","","","","","","","","","",
"Guatemala","GTM","Calificación de políticas e instituciones para la sostenibilidad ambiental de la CPIA (1=bajo a 6=alto)","IQ.CPA.ENVR.XQ","","","","","","","","","","","","","","","","","","","","","","","","","","","","","","","","","","","","","","","","","","","","","","","","","","","","","","","","","","","","","","",
"Guam","GUM","Calificación de políticas e instituciones para la sostenibilidad ambiental de la CPIA (1=bajo a 6=alto)","IQ.CPA.ENVR.XQ","","","","","","","","","","","","","","","","","","","","","","","","","","","","","","","","","","","","","","","","","","","","","","","","","","","","","","","","","","","","","","",
"Guyana","GUY","Calificación de políticas e instituciones para la sostenibilidad ambiental de la CPIA (1=bajo a 6=alto)","IQ.CPA.ENVR.XQ","","","","","","","","","","","","","","","","","","","","","","","","","","","","","","","","","","","","","","","","","","","","","","3","3","3","3","3","3","2.5","2.5","2.5","2.5","2.5","2.5","2.5","3","3","3","",
"Ingreso alto","HIC","Calificación de políticas e instituciones para la sostenibilidad ambiental de la CPIA (1=bajo a 6=alto)","IQ.CPA.ENVR.XQ","","","","","","","","","","","","","","","","","","","","","","","","","","","","","","","","","","","","","","","","","","","","","","","","","","","","","","","","","","","","","","",
"Hong Kong, Región Administrativa Especial","HKG","Calificación de políticas e instituciones para la sostenibilidad ambiental de la CPIA (1=bajo a 6=alto)","IQ.CPA.ENVR.XQ","","","","","","","","","","","","","","","","","","","","","","","","","","","","","","","","","","","","","","","","","","","","","","","","","","","","","","","","","","","","","","",
"Honduras","HND","Calificación de políticas e instituciones para la sostenibilidad ambiental de la CPIA (1=bajo a 6=alto)","IQ.CPA.ENVR.XQ","","","","","","","","","","","","","","","","","","","","","","","","","","","","","","","","","","","","","","","","","","","","","","3","3","3","3.5","3.5","3.5","3.5","3.5","3.5","3.5","3.5","3.5","3.5","3.5","3.5","3.5","",
"Países pobres muy endeudados (PPME)","HPC","Calificación de políticas e instituciones para la sostenibilidad ambiental de la CPIA (1=bajo a 6=alto)","IQ.CPA.ENVR.XQ","","","","","","","","","","","","","","","","","","","","","","","","","","","","","","","","","","","","","","","","","","","","","","3.06944444444444","2.95945945945946","2.95945945945946","2.95945945945946","2.93421052631579","3","3.09210526315789","3.11842105263158","3.09210526315789","3.15789473684211","3.19736842105263","3.14864864864865","3.13157894736842","3.17567567567568","3.19736842105263","3.22368421052632","",
"Croacia","HRV","Calificación de políticas e instituciones para la sostenibilidad ambiental de la CPIA (1=bajo a 6=alto)","IQ.CPA.ENVR.XQ","","","","","","","","","","","","","","","","","","","","","","","","","","","","","","","","","","","","","","","","","","","","","","","","","","","","","","","","","","","","","","",
"Haití","HTI","Calificación de políticas e instituciones para la sostenibilidad ambiental de la CPIA (1=bajo a 6=alto)","IQ.CPA.ENVR.XQ","","","","","","","","","","","","","","","","","","","","","","","","","","","","","","","","","","","","","","","","","","","","","","2.5","2.5","2.5","2.5","2.5","2.5","2.5","2.5","2.5","2.5","2.5","2.5","2.5","2.5","2.5","2.5","",
"Hungría","HUN","Calificación de políticas e instituciones para la sostenibilidad ambiental de la CPIA (1=bajo a 6=alto)","IQ.CPA.ENVR.XQ","","","","","","","","","","","","","","","","","","","","","","","","","","","","","","","","","","","","","","","","","","","","","","","","","","","","","","","","","","","","","","",
"Sólo BIRF","IBD","Calificación de políticas e instituciones para la sostenibilidad ambiental de la CPIA (1=bajo a 6=alto)","IQ.CPA.ENVR.XQ","","","","","","","","","","","","","","","","","","","","","","","","","","","","","","","","","","","","","","","","","","","","","","3.17857142857143","3.17857142857143","3.31818181818182","3.27272727272727","3.27272727272727","3.27272727272727","3.2","3.3","3.3","3.5","3.5","3.75","3.75","3.75","3.66666666666667","","",
"BIRF y la AIF","IBT","Calificación de políticas e instituciones para la sostenibilidad ambiental de la CPIA (1=bajo a 6=alto)","IQ.CPA.ENVR.XQ","","","","","","","","","","","","","","","","","","","","","","","","","","","","","","","","","","","","","","","","","","","","","","3.11184210526316","3.05769230769231","3.09333333333333","3.08666666666667","3.08441558441558","3.11038961038961","3.12179487179487","3.1375","3.11111111111111","3.15131578947368","3.17105263157895","3.13013698630137","3.11486486486486","3.14383561643836","3.18","3.1986301369863","",
"total de la AIF","IDA","Calificación de políticas e instituciones para la sostenibilidad ambiental de la CPIA (1=bajo a 6=alto)","IQ.CPA.ENVR.XQ","","","","","","","","","","","","","","","","","","","","","","","","","","","","","","","","","","","","","","","","","","","","","","3.09677419354839","3.03125","3.0546875","3.0546875","3.0530303030303","3.08333333333333","3.11029411764706","3.11428571428571","3.08450704225352","3.12676056338028","3.14788732394366","3.11267605633803","3.09722222222222","3.12676056338028","3.15972222222222","3.1986301369863","",
"mezcla de la AIF","IDB","Calificación de políticas e instituciones para la sostenibilidad ambiental de la CPIA (1=bajo a 6=alto)","IQ.CPA.ENVR.XQ","","","","","","","","","","","","","","","","","","","","","","","","","","","","","","","","","","","","","","","","","","","","","","3.23076923076923","3.03571428571429","3.14285714285714","3.07142857142857","3.07142857142857","3.03571428571429","3.14285714285714","3.10714285714286","3.10714285714286","3.14285714285714","3.17857142857143","3.17857142857143","3.21428571428571","3.25","3.25","3.33333333333333","",
"Indonesia","IDN","Calificación de políticas e instituciones para la sostenibilidad ambiental de la CPIA (1=bajo a 6=alto)","IQ.CPA.ENVR.XQ","","","","","","","","","","","","","","","","","","","","","","","","","","","","","","","","","","","","","","","","","","","","","","2.5","3","","","","","","","","","","","","","","","",
"Sólo AIF","IDX","Calificación de políticas e instituciones para la sostenibilidad ambiental de la CPIA (1=bajo a 6=alto)","IQ.CPA.ENVR.XQ","","","","","","","","","","","","","","","","","","","","","","","","","","","","","","","","","","","","","","","","","","","","","","3.06122448979592","3.03","3.03","3.05","3.04807692307692","3.09615384615385","3.10185185185185","3.11607142857143","3.07894736842105","3.12280701754386","3.14035087719298","3.09649122807018","3.06896551724138","3.09649122807018","3.13793103448276","3.16379310344828","",
"Isla de Man","IMN","Calificación de políticas e instituciones para la sostenibilidad ambiental de la CPIA (1=bajo a 6=alto)","IQ.CPA.ENVR.XQ","","","","","","","","","","","","","","","","","","","","","","","","","","","","","","","","","","","","","","","","","","","","","","","","","","","","","","","","","","","","","","",
"India","IND","Calificación de políticas e instituciones para la sostenibilidad ambiental de la CPIA (1=bajo a 6=alto)","IQ.CPA.ENVR.XQ","","","","","","","","","","","","","","","","","","","","","","","","","","","","","","","","","","","","","","","","","","","","","","3.5","3.5","3.5","3.5","3.5","3.5","3.5","4","4","","","","","","","","",
"No clasificado","INX","Calificación de políticas e instituciones para la sostenibilidad ambiental de la CPIA (1=bajo a 6=alto)","IQ.CPA.ENVR.XQ","","","","","","","","","","","","","","","","","","","","","","","","","","","","","","","","","","","","","","","","","","","","","","","","","","","","","","","","","","","","","","",
"Irlanda","IRL","Calificación de políticas e instituciones para la sostenibilidad ambiental de la CPIA (1=bajo a 6=alto)","IQ.CPA.ENVR.XQ","","","","","","","","","","","","","","","","","","","","","","","","","","","","","","","","","","","","","","","","","","","","","","","","","","","","","","","","","","","","","","",
"Irán, República Islámica del","IRN","Calificación de políticas e instituciones para la sostenibilidad ambiental de la CPIA (1=bajo a 6=alto)","IQ.CPA.ENVR.XQ","","","","","","","","","","","","","","","","","","","","","","","","","","","","","","","","","","","","","","","","","","","","","","","","","","","","","","","","","","","","","","",
"Iraq","IRQ","Calificación de políticas e instituciones para la sostenibilidad ambiental de la CPIA (1=bajo a 6=alto)","IQ.CPA.ENVR.XQ","","","","","","","","","","","","","","","","","","","","","","","","","","","","","","","","","","","","","","","","","","","","","","","","","","","","","","","","","","","","","","",
"Islandia","ISL","Calificación de políticas e instituciones para la sostenibilidad ambiental de la CPIA (1=bajo a 6=alto)","IQ.CPA.ENVR.XQ","","","","","","","","","","","","","","","","","","","","","","","","","","","","","","","","","","","","","","","","","","","","","","","","","","","","","","","","","","","","","","",
"Israel","ISR","Calificación de políticas e instituciones para la sostenibilidad ambiental de la CPIA (1=bajo a 6=alto)","IQ.CPA.ENVR.XQ","","","","","","","","","","","","","","","","","","","","","","","","","","","","","","","","","","","","","","","","","","","","","","","","","","","","","","","","","","","","","","",
"Italia","ITA","Calificación de políticas e instituciones para la sostenibilidad ambiental de la CPIA (1=bajo a 6=alto)","IQ.CPA.ENVR.XQ","","","","","","","","","","","","","","","","","","","","","","","","","","","","","","","","","","","","","","","","","","","","","","","","","","","","","","","","","","","","","","",
"Jamaica","JAM","Calificación de políticas e instituciones para la sostenibilidad ambiental de la CPIA (1=bajo a 6=alto)","IQ.CPA.ENVR.XQ","","","","","","","","","","","","","","","","","","","","","","","","","","","","","","","","","","","","","","","","","","","","","","","","","","","","","","","","","","","","","","",
"Jordania","JOR","Calificación de políticas e instituciones para la sostenibilidad ambiental de la CPIA (1=bajo a 6=alto)","IQ.CPA.ENVR.XQ","","","","","","","","","","","","","","","","","","","","","","","","","","","","","","","","","","","","","","","","","","","","","","","","","","","","","","","","","","","","","","",
"Japón","JPN","Calificación de políticas e instituciones para la sostenibilidad ambiental de la CPIA (1=bajo a 6=alto)","IQ.CPA.ENVR.XQ","","","","","","","","","","","","","","","","","","","","","","","","","","","","","","","","","","","","","","","","","","","","","","","","","","","","","","","","","","","","","","",
"Kazajstán","KAZ","Calificación de políticas e instituciones para la sostenibilidad ambiental de la CPIA (1=bajo a 6=alto)","IQ.CPA.ENVR.XQ","","","","","","","","","","","","","","","","","","","","","","","","","","","","","","","","","","","","","","","","","","","","","","","","","","","","","","","","","","","","","","",
"Kenya","KEN","Calificación de políticas e instituciones para la sostenibilidad ambiental de la CPIA (1=bajo a 6=alto)","IQ.CPA.ENVR.XQ","","","","","","","","","","","","","","","","","","","","","","","","","","","","","","","","","","","","","","","","","","","","","","3","3","3.5","3.5","3.5","3.5","3.5","3.5","3.5","3.5","3.5","3.5","3.5","3.5","3.5","3.5","",
"Kirguistán","KGZ","Calificación de políticas e instituciones para la sostenibilidad ambiental de la CPIA (1=bajo a 6=alto)","IQ.CPA.ENVR.XQ","","","","","","","","","","","","","","","","","","","","","","","","","","","","","","","","","","","","","","","","","","","","","","3","3","3","3","3","3","2.5","2.5","2.5","2.5","2.5","2.5","2.5","3","3","3","",
"Camboya","KHM","Calificación de políticas e instituciones para la sostenibilidad ambiental de la CPIA (1=bajo a 6=alto)","IQ.CPA.ENVR.XQ","","","","","","","","","","","","","","","","","","","","","","","","","","","","","","","","","","","","","","","","","","","","","","2.5","3","3","3","3","3","3","3","3","3","3","3","3","3","3","3","",
"Kiribati","KIR","Calificación de políticas e instituciones para la sostenibilidad ambiental de la CPIA (1=bajo a 6=alto)","IQ.CPA.ENVR.XQ","","","","","","","","","","","","","","","","","","","","","","","","","","","","","","","","","","","","","","","","","","","","","","3","3","3","3","3","3","3","3","3","3","3","3","3","3","3","3","",
"Saint Kitts y Nevis","KNA","Calificación de políticas e instituciones para la sostenibilidad ambiental de la CPIA (1=bajo a 6=alto)","IQ.CPA.ENVR.XQ","","","","","","","","","","","","","","","","","","","","","","","","","","","","","","","","","","","","","","","","","","","","","","","","","","","","","","","","","","","","","","",
"Corea, República de","KOR","Calificación de políticas e instituciones para la sostenibilidad ambiental de la CPIA (1=bajo a 6=alto)","IQ.CPA.ENVR.XQ","","","","","","","","","","","","","","","","","","","","","","","","","","","","","","","","","","","","","","","","","","","","","","","","","","","","","","","","","","","","","","",
"Kuwait","KWT","Calificación de políticas e instituciones para la sostenibilidad ambiental de la CPIA (1=bajo a 6=alto)","IQ.CPA.ENVR.XQ","","","","","","","","","","","","","","","","","","","","","","","","","","","","","","","","","","","","","","","","","","","","","","","","","","","","","","","","","","","","","","",
"América Latina y el Caribe (excluido altos ingresos)","LAC","Calificación de políticas e instituciones para la sostenibilidad ambiental de la CPIA (1=bajo a 6=alto)","IQ.CPA.ENVR.XQ","","","","","","","","","","","","","","","","","","","","","","","","","","","","","","","","","","","","","","","","","","","","","","3.27777777777778","3.33333333333333","3.33333333333333","3.38888888888889","3.38888888888889","3.38888888888889","3.33333333333333","3.33333333333333","3.33333333333333","3.33333333333333","3.33333333333333","3.3125","3.25","3.3125","3.3125","3.375","",
"República Democrática Popular Lao","LAO","Calificación de políticas e instituciones para la sostenibilidad ambiental de la CPIA (1=bajo a 6=alto)","IQ.CPA.ENVR.XQ","","","","","","","","","","","","","","","","","","","","","","","","","","","","","","","","","","","","","","","","","","","","","","3.5","3.5","3.5","4","4","4","4","4","3.5","3.5","3.5","3.5","3.5","3.5","3.5","3.5","",
"Líbano","LBN","Calificación de políticas e instituciones para la sostenibilidad ambiental de la CPIA (1=bajo a 6=alto)","IQ.CPA.ENVR.XQ","","","","","","","","","","","","","","","","","","","","","","","","","","","","","","","","","","","","","","","","","","","","","","","","","","","","","","","","","","","","","","",
"Liberia","LBR","Calificación de políticas e instituciones para la sostenibilidad ambiental de la CPIA (1=bajo a 6=alto)","IQ.CPA.ENVR.XQ","","","","","","","","","","","","","","","","","","","","","","","","","","","","","","","","","","","","","","","","","","","","","","","","","","2","2.5","3","3","3","3","3","3","3","3","3","3","",
"Libia","LBY","Calificación de políticas e instituciones para la sostenibilidad ambiental de la CPIA (1=bajo a 6=alto)","IQ.CPA.ENVR.XQ","","","","","","","","","","","","","","","","","","","","","","","","","","","","","","","","","","","","","","","","","","","","","","","","","","","","","","","","","","","","","","",
"Santa Lucía","LCA","Calificación de políticas e instituciones para la sostenibilidad ambiental de la CPIA (1=bajo a 6=alto)","IQ.CPA.ENVR.XQ","","","","","","","","","","","","","","","","","","","","","","","","","","","","","","","","","","","","","","","","","","","","","","3.5","3.5","3.5","3.5","3.5","3.5","3.5","3.5","3.5","3.5","3.5","3.5","3.5","3.5","3.5","3.5","",
"América Latina y el Caribe","LCN","Calificación de políticas e instituciones para la sostenibilidad ambiental de la CPIA (1=bajo a 6=alto)","IQ.CPA.ENVR.XQ","","","","","","","","","","","","","","","","","","","","","","","","","","","","","","","","","","","","","","","","","","","","","","3.27777777777778","3.33333333333333","3.33333333333333","3.38888888888889","3.38888888888889","3.38888888888889","3.33333333333333","3.33333333333333","3.33333333333333","3.33333333333333","3.33333333333333","3.3125","3.25","3.3125","3.3125","3.375","",
"Países menos desarrollados: clasificación de las Naciones Unidas","LDC","Calificación de políticas e instituciones para la sostenibilidad ambiental de la CPIA (1=bajo a 6=alto)","IQ.CPA.ENVR.XQ","","","","","","","","","","","","","","","","","","","","","","","","","","","","","","","","","","","","","","","","","","","","","","3","2.95121951219512","2.97560975609756","2.97560975609756","2.97619047619048","3.03571428571429","3.05952380952381","3.04545454545455","3","3.06818181818182","3.10227272727273","3.05681818181818","3.03333333333333","3.04545454545455","3.05555555555556","3.07777777777778","",
"Países de ingreso bajo","LIC","Calificación de políticas e instituciones para la sostenibilidad ambiental de la CPIA (1=bajo a 6=alto)","IQ.CPA.ENVR.XQ","","","","","","","","","","","","","","","","","","","","","","","","","","","","","","","","","","","","","","","","","","","","","","3","2.89130434782609","2.91304347826087","2.91304347826087","2.89583333333333","2.97916666666667","3.10416666666667","3.04","2.96","3.06","3.14","3.06","2.98076923076923","3.02","3.05769230769231","3.09615384615385","",
"Liechtenstein","LIE","Calificación de políticas e instituciones para la sostenibilidad ambiental de la CPIA (1=bajo a 6=alto)","IQ.CPA.ENVR.XQ","","","","","","","","","","","","","","","","","","","","","","","","","","","","","","","","","","","","","","","","","","","","","","","","","","","","","","","","","","","","","","",
"Sri Lanka","LKA","Calificación de políticas e instituciones para la sostenibilidad ambiental de la CPIA (1=bajo a 6=alto)","IQ.CPA.ENVR.XQ","","","","","","","","","","","","","","","","","","","","","","","","","","","","","","","","","","","","","","","","","","","","","","3.5","3.5","3.5","3.5","3.5","3","2.5","2.5","2.5","2.5","2.5","","","","3.5","","",
"Países de ingreso mediano bajo","LMC","Calificación de políticas e instituciones para la sostenibilidad ambiental de la CPIA (1=bajo a 6=alto)","IQ.CPA.ENVR.XQ","","","","","","","","","","","","","","","","","","","","","","","","","","","","","","","","","","","","","","","","","","","","","","3.0875","3.0609756097561","3.1","3.1","3.1125","3.1","3.07317073170732","3.13414634146341","3.13095238095238","3.15","3.15","3.12162162162162","3.16216216216216","3.17567567567568","3.18421052631579","3.18055555555556","",
"Ingreso mediano y bajo","LMY","Calificación de políticas e instituciones para la sostenibilidad ambiental de la CPIA (1=bajo a 6=alto)","IQ.CPA.ENVR.XQ","","","","","","","","","","","","","","","","","","","","","","","","","","","","","","","","","","","","","","","","","","","","","","3.11184210526316","3.05769230769231","3.09333333333333","3.08666666666667","3.08441558441558","3.11038961038961","3.12179487179487","3.1375","3.11111111111111","3.15131578947368","3.17105263157895","3.13013698630137","3.11486486486486","3.14383561643836","3.18","3.1986301369863","",
"Lesotho","LSO","Calificación de políticas e instituciones para la sostenibilidad ambiental de la CPIA (1=bajo a 6=alto)","IQ.CPA.ENVR.XQ","","","","","","","","","","","","","","","","","","","","","","","","","","","","","","","","","","","","","","","","","","","","","","3","3.5","3.5","3","3","3","3.5","3.5","3.5","3.5","3.5","3.5","3.5","3.5","3.5","3.5","",
"avanzada del dividendo demográfico","LTE","Calificación de políticas e instituciones para la sostenibilidad ambiental de la CPIA (1=bajo a 6=alto)","IQ.CPA.ENVR.XQ","","","","","","","","","","","","","","","","","","","","","","","","","","","","","","","","","","","","","","","","","","","","","","3.26923076923077","3.15384615384615","3.27272727272727","3.22727272727273","3.22727272727273","3.22727272727273","3.1","3.15","3.15","3.25","3.25","3.25","3.25","3.41666666666667","3.42857142857143","3.5","",
"Lituania","LTU","Calificación de políticas e instituciones para la sostenibilidad ambiental de la CPIA (1=bajo a 6=alto)","IQ.CPA.ENVR.XQ","","","","","","","","","","","","","","","","","","","","","","","","","","","","","","","","","","","","","","","","","","","","","","","","","","","","","","","","","","","","","","",
"Luxemburgo","LUX","Calificación de políticas e instituciones para la sostenibilidad ambiental de la CPIA (1=bajo a 6=alto)","IQ.CPA.ENVR.XQ","","","","","","","","","","","","","","","","","","","","","","","","","","","","","","","","","","","","","","","","","","","","","","","","","","","","","","","","","","","","","","",
"Letonia","LVA","Calificación de políticas e instituciones para la sostenibilidad ambiental de la CPIA (1=bajo a 6=alto)","IQ.CPA.ENVR.XQ","","","","","","","","","","","","","","","","","","","","","","","","","","","","","","","","","","","","","","","","","","","","","","","","","","","","","","","","","","","","","","",
"Región Administrativa Especial de Macao, China","MAC","Calificación de políticas e instituciones para la sostenibilidad ambiental de la CPIA (1=bajo a 6=alto)","IQ.CPA.ENVR.XQ","","","","","","","","","","","","","","","","","","","","","","","","","","","","","","","","","","","","","","","","","","","","","","","","","","","","","","","","","","","","","","",
"Isla de San Martín (parte francesa)","MAF","Calificación de políticas e instituciones para la sostenibilidad ambiental de la CPIA (1=bajo a 6=alto)","IQ.CPA.ENVR.XQ","","","","","","","","","","","","","","","","","","","","","","","","","","","","","","","","","","","","","","","","","","","","","","","","","","","","","","","","","","","","","","",
"Marruecos","MAR","Calificación de políticas e instituciones para la sostenibilidad ambiental de la CPIA (1=bajo a 6=alto)","IQ.CPA.ENVR.XQ","","","","","","","","","","","","","","","","","","","","","","","","","","","","","","","","","","","","","","","","","","","","","","","","","","","","","","","","","","","","","","",
"Mónaco","MCO","Calificación de políticas e instituciones para la sostenibilidad ambiental de la CPIA (1=bajo a 6=alto)","IQ.CPA.ENVR.XQ","","","","","","","","","","","","","","","","","","","","","","","","","","","","","","","","","","","","","","","","","","","","","","","","","","","","","","","","","","","","","","",
"República de Moldova","MDA","Calificación de políticas e instituciones para la sostenibilidad ambiental de la CPIA (1=bajo a 6=alto)","IQ.CPA.ENVR.XQ","","","","","","","","","","","","","","","","","","","","","","","","","","","","","","","","","","","","","","","","","","","","","","3.5","3.5","3.5","3.5","3.5","4","4","4","4","4","4","4","4","4","4","","",
"Madagascar","MDG","Calificación de políticas e instituciones para la sostenibilidad ambiental de la CPIA (1=bajo a 6=alto)","IQ.CPA.ENVR.XQ","","","","","","","","","","","","","","","","","","","","","","","","","","","","","","","","","","","","","","","","","","","","","","4","4","4","4","3.5","3.5","3.5","3","3","3","3","3","3","3","3","3","",
"Maldivas","MDV","Calificación de políticas e instituciones para la sostenibilidad ambiental de la CPIA (1=bajo a 6=alto)","IQ.CPA.ENVR.XQ","","","","","","","","","","","","","","","","","","","","","","","","","","","","","","","","","","","","","","","","","","","","","","4","4","4","4","4","4","4","4","4","4","3.5","3.5","3","3","4","4","",
"Oriente Medio y Norte de África","MEA","Calificación de políticas e instituciones para la sostenibilidad ambiental de la CPIA (1=bajo a 6=alto)","IQ.CPA.ENVR.XQ","","","","","","","","","","","","","","","","","","","","","","","","","","","","","","","","","","","","","","","","","","","","","","3","3","3","3.25","3.5","3.5","3","2.75","2.75","2.75","2.75","2.75","2.5","2.5","2.5","2.5","",
"México","MEX","Calificación de políticas e instituciones para la sostenibilidad ambiental de la CPIA (1=bajo a 6=alto)","IQ.CPA.ENVR.XQ","","","","","","","","","","","","","","","","","","","","","","","","","","","","","","","","","","","","","","","","","","","","","","","","","","","","","","","","","","","","","","",
"Islas Marshall","MHL","Calificación de políticas e instituciones para la sostenibilidad ambiental de la CPIA (1=bajo a 6=alto)","IQ.CPA.ENVR.XQ","","","","","","","","","","","","","","","","","","","","","","","","","","","","","","","","","","","","","","","","","","","","","","","","","","","","3","3","3","3","3","3","3","3","3","3","",
" Ingreso mediano","MIC","Calificación de políticas e instituciones para la sostenibilidad ambiental de la CPIA (1=bajo a 6=alto)","IQ.CPA.ENVR.XQ","","","","","","","","","","","","","","","","","","","","","","","","","","","","","","","","","","","","","","","","","","","","","","3.15740740740741","3.12727272727273","3.17307692307692","3.16346153846154","3.16981132075472","3.16981132075472","3.12962962962963","3.18181818181818","3.17857142857143","3.19607843137255","3.18627450980392","3.16666666666667","3.1875","3.20833333333333","3.24489795918367","3.25531914893617","",
"Macedonia del Norte","MKD","Calificación de políticas e instituciones para la sostenibilidad ambiental de la CPIA (1=bajo a 6=alto)","IQ.CPA.ENVR.XQ","","","","","","","","","","","","","","","","","","","","","","","","","","","","","","","","","","","","","","","","","","","","","","","","","","","","","","","","","","","","","","",
"Malí","MLI","Calificación de políticas e instituciones para la sostenibilidad ambiental de la CPIA (1=bajo a 6=alto)","IQ.CPA.ENVR.XQ","","","","","","","","","","","","","","","","","","","","","","","","","","","","","","","","","","","","","","","","","","","","","","3","3","3.5","3","3","3","3.5","3.5","3.5","4","4","3.5","3.5","3.5","3.5","3.5","",
"Malta","MLT","Calificación de políticas e instituciones para la sostenibilidad ambiental de la CPIA (1=bajo a 6=alto)","IQ.CPA.ENVR.XQ","","","","","","","","","","","","","","","","","","","","","","","","","","","","","","","","","","","","","","","","","","","","","","","","","","","","","","","","","","","","","","",
"Myanmar","MMR","Calificación de políticas e instituciones para la sostenibilidad ambiental de la CPIA (1=bajo a 6=alto)","IQ.CPA.ENVR.XQ","","","","","","","","","","","","","","","","","","","","","","","","","","","","","","","","","","","","","","","","","","","","","","","","","","","","","","2.5","2.5","2.5","2.5","2.5","2.5","2.5","2.5","",
"Oriente Medio y Norte de África (excluido altos ingresos)","MNA","Calificación de políticas e instituciones para la sostenibilidad ambiental de la CPIA (1=bajo a 6=alto)","IQ.CPA.ENVR.XQ","","","","","","","","","","","","","","","","","","","","","","","","","","","","","","","","","","","","","","","","","","","","","","3","3","3","3.25","3.5","3.5","3","2.75","2.75","2.75","2.75","2.75","2.5","2.5","2.5","2.5","",
"Montenegro","MNE","Calificación de políticas e instituciones para la sostenibilidad ambiental de la CPIA (1=bajo a 6=alto)","IQ.CPA.ENVR.XQ","","","","","","","","","","","","","","","","","","","","","","","","","","","","","","","","","","","","","","","","","","","","","","","","","","","","","","","","","","","","","","",
"Mongolia","MNG","Calificación de políticas e instituciones para la sostenibilidad ambiental de la CPIA (1=bajo a 6=alto)","IQ.CPA.ENVR.XQ","","","","","","","","","","","","","","","","","","","","","","","","","","","","","","","","","","","","","","","","","","","","","","2.5","2.5","3","3","3","3","3","3.5","3.5","3.5","3.5","3.5","3.5","3.5","3.5","","",
"Mariana","MNP","Calificación de políticas e instituciones para la sostenibilidad ambiental de la CPIA (1=bajo a 6=alto)","IQ.CPA.ENVR.XQ","","","","","","","","","","","","","","","","","","","","","","","","","","","","","","","","","","","","","","","","","","","","","","","","","","","","","","","","","","","","","","",
"Mozambique","MOZ","Calificación de políticas e instituciones para la sostenibilidad ambiental de la CPIA (1=bajo a 6=alto)","IQ.CPA.ENVR.XQ","","","","","","","","","","","","","","","","","","","","","","","","","","","","","","","","","","","","","","","","","","","","","","3","3","3","3","3","3.5","3","3.5","3.5","3.5","3.5","3.5","3.5","3.5","3.5","3.5","",
"Mauritania","MRT","Calificación de políticas e instituciones para la sostenibilidad ambiental de la CPIA (1=bajo a 6=alto)","IQ.CPA.ENVR.XQ","","","","","","","","","","","","","","","","","","","","","","","","","","","","","","","","","","","","","","","","","","","","","","3.5","3.5","3.5","3.5","3","3","3","2.5","3","3","3","3","3.5","3.5","3","3","",
"Mauricio","MUS","Calificación de políticas e instituciones para la sostenibilidad ambiental de la CPIA (1=bajo a 6=alto)","IQ.CPA.ENVR.XQ","","","","","","","","","","","","","","","","","","","","","","","","","","","","","","","","","","","","","","","","","","","","","","","","","","","","","","","","","","","","","","",
"Malawi","MWI","Calificación de políticas e instituciones para la sostenibilidad ambiental de la CPIA (1=bajo a 6=alto)","IQ.CPA.ENVR.XQ","","","","","","","","","","","","","","","","","","","","","","","","","","","","","","","","","","","","","","","","","","","","","","3.5","3.5","3.5","3.5","3.5","3.5","4","3.5","3.5","3.5","3.5","3.5","3.5","3.5","3.5","3.5","",
"Malasia","MYS","Calificación de políticas e instituciones para la sostenibilidad ambiental de la CPIA (1=bajo a 6=alto)","IQ.CPA.ENVR.XQ","","","","","","","","","","","","","","","","","","","","","","","","","","","","","","","","","","","","","","","","","","","","","","","","","","","","","","","","","","","","","","",
"América del Norte","NAC","Calificación de políticas e instituciones para la sostenibilidad ambiental de la CPIA (1=bajo a 6=alto)","IQ.CPA.ENVR.XQ","","","","","","","","","","","","","","","","","","","","","","","","","","","","","","","","","","","","","","","","","","","","","","","","","","","","","","","","","","","","","","",
"Namibia","NAM","Calificación de políticas e instituciones para la sostenibilidad ambiental de la CPIA (1=bajo a 6=alto)","IQ.CPA.ENVR.XQ","","","","","","","","","","","","","","","","","","","","","","","","","","","","","","","","","","","","","","","","","","","","","","","","","","","","","","","","","","","","","","",
"Nueva Caledonia","NCL","Calificación de políticas e instituciones para la sostenibilidad ambiental de la CPIA (1=bajo a 6=alto)","IQ.CPA.ENVR.XQ","","","","","","","","","","","","","","","","","","","","","","","","","","","","","","","","","","","","","","","","","","","","","","","","","","","","","","","","","","","","","","",
"Níger","NER","Calificación de políticas e instituciones para la sostenibilidad ambiental de la CPIA (1=bajo a 6=alto)","IQ.CPA.ENVR.XQ","","","","","","","","","","","","","","","","","","","","","","","","","","","","","","","","","","","","","","","","","","","","","","3","3","3","3","3","3.5","4","4","3.5","3.5","3.5","3.5","3","3","3.5","3.5","",
"Nigeria","NGA","Calificación de políticas e instituciones para la sostenibilidad ambiental de la CPIA (1=bajo a 6=alto)","IQ.CPA.ENVR.XQ","","","","","","","","","","","","","","","","","","","","","","","","","","","","","","","","","","","","","","","","","","","","","","3","3","3","3","3","3","3.5","3.5","3.5","3.5","3.5","3.5","3.5","3.5","3.5","3.5","",
"Nicaragua","NIC","Calificación de políticas e instituciones para la sostenibilidad ambiental de la CPIA (1=bajo a 6=alto)","IQ.CPA.ENVR.XQ","","","","","","","","","","","","","","","","","","","","","","","","","","","","","","","","","","","","","","","","","","","","","","3.5","3.5","3.5","3.5","3.5","3.5","3.5","3.5","3.5","3.5","3.5","3.5","3","3","3","3","",
"Países Bajos","NLD","Calificación de políticas e instituciones para la sostenibilidad ambiental de la CPIA (1=bajo a 6=alto)","IQ.CPA.ENVR.XQ","","","","","","","","","","","","","","","","","","","","","","","","","","","","","","","","","","","","","","","","","","","","","","","","","","","","","","","","","","","","","","",
"Noruega","NOR","Calificación de políticas e instituciones para la sostenibilidad ambiental de la CPIA (1=bajo a 6=alto)","IQ.CPA.ENVR.XQ","","","","","","","","","","","","","","","","","","","","","","","","","","","","","","","","","","","","","","","","","","","","","","","","","","","","","","","","","","","","","","",
"Nepal","NPL","Calificación de políticas e instituciones para la sostenibilidad ambiental de la CPIA (1=bajo a 6=alto)","IQ.CPA.ENVR.XQ","","","","","","","","","","","","","","","","","","","","","","","","","","","","","","","","","","","","","","","","","","","","","","3","3","3","3","3.5","3.5","3.5","3.5","3.5","3.5","3.5","3.5","3.5","3.5","3.5","3.5","",
"Nauru","NRU","Calificación de políticas e instituciones para la sostenibilidad ambiental de la CPIA (1=bajo a 6=alto)","IQ.CPA.ENVR.XQ","","","","","","","","","","","","","","","","","","","","","","","","","","","","","","","","","","","","","","","","","","","","","","","","","","","","","","","","","","","","","","",
"Nueva Zelandia","NZL","Calificación de políticas e instituciones para la sostenibilidad ambiental de la CPIA (1=bajo a 6=alto)","IQ.CPA.ENVR.XQ","","","","","","","","","","","","","","","","","","","","","","","","","","","","","","","","","","","","","","","","","","","","","","","","","","","","","","","","","","","","","","",
"Miembros OCDE","OED","Calificación de políticas e instituciones para la sostenibilidad ambiental de la CPIA (1=bajo a 6=alto)","IQ.CPA.ENVR.XQ","","","","","","","","","","","","","","","","","","","","","","","","","","","","","","","","","","","","","","","","","","","","","","","","","","","","","","","","","","","","","","",
"Omán","OMN","Calificación de políticas e instituciones para la sostenibilidad ambiental de la CPIA (1=bajo a 6=alto)","IQ.CPA.ENVR.XQ","","","","","","","","","","","","","","","","","","","","","","","","","","","","","","","","","","","","","","","","","","","","","","","","","","","","","","","","","","","","","","",
"Otros Estados pequeos","OSS","Calificación de políticas e instituciones para la sostenibilidad ambiental de la CPIA (1=bajo a 6=alto)","IQ.CPA.ENVR.XQ","","","","","","","","","","","","","","","","","","","","","","","","","","","","","","","","","","","","","","","","","","","","","","3.22222222222222","3.05","3.1","3.1","3.15","3.25","3.2","3.15","3.15","3.15","3.1","3.1","3.1","3.1","3.2","3.2","",
"Pakistán","PAK","Calificación de políticas e instituciones para la sostenibilidad ambiental de la CPIA (1=bajo a 6=alto)","IQ.CPA.ENVR.XQ","","","","","","","","","","","","","","","","","","","","","","","","","","","","","","","","","","","","","","","","","","","","","","3.5","3.5","3.5","3","3","2.5","2.5","2.5","2.5","3","3","3","3","3","3","3","",
"Panamá","PAN","Calificación de políticas e instituciones para la sostenibilidad ambiental de la CPIA (1=bajo a 6=alto)","IQ.CPA.ENVR.XQ","","","","","","","","","","","","","","","","","","","","","","","","","","","","","","","","","","","","","","","","","","","","","","","","","","","","","","","","","","","","","","",
"Perú","PER","Calificación de políticas e instituciones para la sostenibilidad ambiental de la CPIA (1=bajo a 6=alto)","IQ.CPA.ENVR.XQ","","","","","","","","","","","","","","","","","","","","","","","","","","","","","","","","","","","","","","","","","","","","","","","","","","","","","","","","","","","","","","",
"Filipinas","PHL","Calificación de políticas e instituciones para la sostenibilidad ambiental de la CPIA (1=bajo a 6=alto)","IQ.CPA.ENVR.XQ","","","","","","","","","","","","","","","","","","","","","","","","","","","","","","","","","","","","","","","","","","","","","","","","","","","","","","","","","","","","","","",
"Palau","PLW","Calificación de políticas e instituciones para la sostenibilidad ambiental de la CPIA (1=bajo a 6=alto)","IQ.CPA.ENVR.XQ","","","","","","","","","","","","","","","","","","","","","","","","","","","","","","","","","","","","","","","","","","","","","","","","","","","","","","","","","","","","","","",
"Papua Nueva Guinea","PNG","Calificación de políticas e instituciones para la sostenibilidad ambiental de la CPIA (1=bajo a 6=alto)","IQ.CPA.ENVR.XQ","","","","","","","","","","","","","","","","","","","","","","","","","","","","","","","","","","","","","","","","","","","","","","1.5","1.5","2","2","2","2","2","2","2","2","2","2","2","2","2","2","",
"Polonia","POL","Calificación de políticas e instituciones para la sostenibilidad ambiental de la CPIA (1=bajo a 6=alto)","IQ.CPA.ENVR.XQ","","","","","","","","","","","","","","","","","","","","","","","","","","","","","","","","","","","","","","","","","","","","","","","","","","","","","","","","","","","","","","",
"previa al dividendo demográfico","PRE","Calificación de políticas e instituciones para la sostenibilidad ambiental de la CPIA (1=bajo a 6=alto)","IQ.CPA.ENVR.XQ","","","","","","","","","","","","","","","","","","","","","","","","","","","","","","","","","","","","","","","","","","","","","","3.03333333333333","2.890625","2.921875","2.90625","2.87878787878788","2.93939393939394","3.01515151515152","3.01470588235294","2.97058823529412","3.04545454545455","3.07575757575758","3.01515151515152","3.01470588235294","3.04545454545455","3.05882352941176","3.08823529411765","",
"Puerto Rico","PRI","Calificación de políticas e instituciones para la sostenibilidad ambiental de la CPIA (1=bajo a 6=alto)","IQ.CPA.ENVR.XQ","","","","","","","","","","","","","","","","","","","","","","","","","","","","","","","","","","","","","","","","","","","","","","","","","","","","","","","","","","","","","","",
"Corea, República Popular Democrática de","PRK","Calificación de políticas e instituciones para la sostenibilidad ambiental de la CPIA (1=bajo a 6=alto)","IQ.CPA.ENVR.XQ","","","","","","","","","","","","","","","","","","","","","","","","","","","","","","","","","","","","","","","","","","","","","","","","","","","","","","","","","","","","","","",
"Portugal","PRT","Calificación de políticas e instituciones para la sostenibilidad ambiental de la CPIA (1=bajo a 6=alto)","IQ.CPA.ENVR.XQ","","","","","","","","","","","","","","","","","","","","","","","","","","","","","","","","","","","","","","","","","","","","","","","","","","","","","","","","","","","","","","",
"Paraguay","PRY","Calificación de políticas e instituciones para la sostenibilidad ambiental de la CPIA (1=bajo a 6=alto)","IQ.CPA.ENVR.XQ","","","","","","","","","","","","","","","","","","","","","","","","","","","","","","","","","","","","","","","","","","","","","","","","","","","","","","","","","","","","","","",
"Ribera Occidental y Gaza","PSE","Calificación de políticas e instituciones para la sostenibilidad ambiental de la CPIA (1=bajo a 6=alto)","IQ.CPA.ENVR.XQ","","","","","","","","","","","","","","","","","","","","","","","","","","","","","","","","","","","","","","","","","","","","","","","","","","","","","","","","","","","","","","",
"Estados pequeos de las Islas del Pacfico","PSS","Calificación de políticas e instituciones para la sostenibilidad ambiental de la CPIA (1=bajo a 6=alto)","IQ.CPA.ENVR.XQ","","","","","","","","","","","","","","","","","","","","","","","","","","","","","","","","","","","","","","","","","","","","","","3","3","3","3","3","3","3","3.0625","3.0625","3.0625","3.0625","3","3","3","3","3.16666666666667","",
"posterior al dividendo demográfico","PST","Calificación de políticas e instituciones para la sostenibilidad ambiental de la CPIA (1=bajo a 6=alto)","IQ.CPA.ENVR.XQ","","","","","","","","","","","","","","","","","","","","","","","","","","","","","","","","","","","","","","","","","","","","","","3","3.5","3.5","3.5","3.5","3.5","3.5","3.5","3.5","","","","","","","","",
"Polinesia Francesa","PYF","Calificación de políticas e instituciones para la sostenibilidad ambiental de la CPIA (1=bajo a 6=alto)","IQ.CPA.ENVR.XQ","","","","","","","","","","","","","","","","","","","","","","","","","","","","","","","","","","","","","","","","","","","","","","","","","","","","","","","","","","","","","","",
"Qatar","QAT","Calificación de políticas e instituciones para la sostenibilidad ambiental de la CPIA (1=bajo a 6=alto)","IQ.CPA.ENVR.XQ","","","","","","","","","","","","","","","","","","","","","","","","","","","","","","","","","","","","","","","","","","","","","","","","","","","","","","","","","","","","","","",
"Rumania","ROU","Calificación de políticas e instituciones para la sostenibilidad ambiental de la CPIA (1=bajo a 6=alto)","IQ.CPA.ENVR.XQ","","","","","","","","","","","","","","","","","","","","","","","","","","","","","","","","","","","","","","","","","","","","","","","","","","","","","","","","","","","","","","",
"Federación de Rusia","RUS","Calificación de políticas e instituciones para la sostenibilidad ambiental de la CPIA (1=bajo a 6=alto)","IQ.CPA.ENVR.XQ","","","","","","","","","","","","","","","","","","","","","","","","","","","","","","","","","","","","","","","","","","","","","","","","","","","","","","","","","","","","","","",
"Rwanda","RWA","Calificación de políticas e instituciones para la sostenibilidad ambiental de la CPIA (1=bajo a 6=alto)","IQ.CPA.ENVR.XQ","","","","","","","","","","","","","","","","","","","","","","","","","","","","","","","","","","","","","","","","","","","","","","3","3","3","3.5","3.5","3.5","3.5","3.5","3.5","4","4","4","4","4","4.5","4.5","",
"Asia meridional","SAS","Calificación de políticas e instituciones para la sostenibilidad ambiental de la CPIA (1=bajo a 6=alto)","IQ.CPA.ENVR.XQ","","","","","","","","","","","","","","","","","","","","","","","","","","","","","","","","","","","","","","","","","","","","","","3.57142857142857","3.375","3.375","3.375","3.4375","3.3125","3.125","3.1875","3.25","3.21428571428571","3.14285714285714","3.25","3.16666666666667","3.16666666666667","3.35714285714286","3.33333333333333","",
"Arabia Saudita","SAU","Calificación de políticas e instituciones para la sostenibilidad ambiental de la CPIA (1=bajo a 6=alto)","IQ.CPA.ENVR.XQ","","","","","","","","","","","","","","","","","","","","","","","","","","","","","","","","","","","","","","","","","","","","","","","","","","","","","","","","","","","","","","",
"Sudán","SDN","Calificación de políticas e instituciones para la sostenibilidad ambiental de la CPIA (1=bajo a 6=alto)","IQ.CPA.ENVR.XQ","","","","","","","","","","","","","","","","","","","","","","","","","","","","","","","","","","","","","","","","","","","","","","2.5","2.5","2.5","2","2","2","2","2","2","2","2","2","2","2","2","2","",
"Senegal","SEN","Calificación de políticas e instituciones para la sostenibilidad ambiental de la CPIA (1=bajo a 6=alto)","IQ.CPA.ENVR.XQ","","","","","","","","","","","","","","","","","","","","","","","","","","","","","","","","","","","","","","","","","","","","","","3.5","3.5","3.5","3.5","3.5","3.5","3.5","3.5","3.5","3.5","3.5","3.5","3.5","3.5","3.5","3.5","",
"Singapur","SGP","Calificación de políticas e instituciones para la sostenibilidad ambiental de la CPIA (1=bajo a 6=alto)","IQ.CPA.ENVR.XQ","","","","","","","","","","","","","","","","","","","","","","","","","","","","","","","","","","","","","","","","","","","","","","","","","","","","","","","","","","","","","","",
"Islas Salomón","SLB","Calificación de políticas e instituciones para la sostenibilidad ambiental de la CPIA (1=bajo a 6=alto)","IQ.CPA.ENVR.XQ","","","","","","","","","","","","","","","","","","","","","","","","","","","","","","","","","","","","","","","","","","","","","","2","2","2","2","2","2","2","2.5","2.5","2.5","2.5","2.5","2.5","2.5","2.5","2.5","",
"Sierra Leona","SLE","Calificación de políticas e instituciones para la sostenibilidad ambiental de la CPIA (1=bajo a 6=alto)","IQ.CPA.ENVR.XQ","","","","","","","","","","","","","","","","","","","","","","","","","","","","","","","","","","","","","","","","","","","","","","2.5","2","2","2","2.5","2.5","3","3","3","3.5","3.5","3","3","3","3","3","",
"El Salvador","SLV","Calificación de políticas e instituciones para la sostenibilidad ambiental de la CPIA (1=bajo a 6=alto)","IQ.CPA.ENVR.XQ","","","","","","","","","","","","","","","","","","","","","","","","","","","","","","","","","","","","","","","","","","","","","","","","","","","","","","","","","","","","","","",
"San Marino","SMR","Calificación de políticas e instituciones para la sostenibilidad ambiental de la CPIA (1=bajo a 6=alto)","IQ.CPA.ENVR.XQ","","","","","","","","","","","","","","","","","","","","","","","","","","","","","","","","","","","","","","","","","","","","","","","","","","","","","","","","","","","","","","",
"Somalia","SOM","Calificación de políticas e instituciones para la sostenibilidad ambiental de la CPIA (1=bajo a 6=alto)","IQ.CPA.ENVR.XQ","","","","","","","","","","","","","","","","","","","","","","","","","","","","","","","","","","","","","","","","","","","","","","","","","","","","","","","","","","2","","2","2","",
"Serbia","SRB","Calificación de políticas e instituciones para la sostenibilidad ambiental de la CPIA (1=bajo a 6=alto)","IQ.CPA.ENVR.XQ","","","","","","","","","","","","","","","","","","","","","","","","","","","","","","","","","","","","","","","","","","","","","","3.5","2","","","","","","","","","","","","","","","",
"África al sur del Sahara (excluido altos ingresos)","SSA","Calificación de políticas e instituciones para la sostenibilidad ambiental de la CPIA (1=bajo a 6=alto)","IQ.CPA.ENVR.XQ","","","","","","","","","","","","","","","","","","","","","","","","","","","","","","","","","","","","","","","","","","","","","","3.05405405405405","2.98648648648649","3","2.94594594594595","2.92105263157895","2.98684210526316","3.13157894736842","3.12820512820513","3.08974358974359","3.17105263157895","3.22368421052632","3.17105263157895","3.17948717948718","3.21052631578947","3.23076923076923","3.25641025641026","",
"Sudán del Sur","SSD","Calificación de políticas e instituciones para la sostenibilidad ambiental de la CPIA (1=bajo a 6=alto)","IQ.CPA.ENVR.XQ","","","","","","","","","","","","","","","","","","","","","","","","","","","","","","","","","","","","","","","","","","","","","","","","","","","","","2.5","2","2","2","1","1","1","1","1","",
"África al sur del Sahara","SSF","Calificación de políticas e instituciones para la sostenibilidad ambiental de la CPIA (1=bajo a 6=alto)","IQ.CPA.ENVR.XQ","","","","","","","","","","","","","","","","","","","","","","","","","","","","","","","","","","","","","","","","","","","","","","3.05405405405405","2.98648648648649","3","2.94594594594595","2.92105263157895","2.98684210526316","3.13157894736842","3.12820512820513","3.08974358974359","3.17105263157895","3.22368421052632","3.17105263157895","3.17948717948718","3.21052631578947","3.23076923076923","3.25641025641026","",
"Pequeños Estados","SST","Calificación de políticas e instituciones para la sostenibilidad ambiental de la CPIA (1=bajo a 6=alto)","IQ.CPA.ENVR.XQ","","","","","","","","","","","","","","","","","","","","","","","","","","","","","","","","","","","","","","","","","","","","","","3.21052631578947","3.15","3.175","3.175","3.2","3.25","3.18181818181818","3.17391304347826","3.17391304347826","3.17391304347826","3.15217391304348","3.1304347826087","3.1304347826087","3.15217391304348","3.19565217391304","3.27083333333333","",
"Santo Tomé y Príncipe","STP","Calificación de políticas e instituciones para la sostenibilidad ambiental de la CPIA (1=bajo a 6=alto)","IQ.CPA.ENVR.XQ","","","","","","","","","","","","","","","","","","","","","","","","","","","","","","","","","","","","","","","","","","","","","","2.5","2.5","2.5","2.5","2.5","3","3.5","3.5","3.5","3.5","3.5","3.5","3.5","3.5","3.5","3.5","",
"Suriname","SUR","Calificación de políticas e instituciones para la sostenibilidad ambiental de la CPIA (1=bajo a 6=alto)","IQ.CPA.ENVR.XQ","","","","","","","","","","","","","","","","","","","","","","","","","","","","","","","","","","","","","","","","","","","","","","","","","","","","","","","","","","","","","","",
"República Eslovaca","SVK","Calificación de políticas e instituciones para la sostenibilidad ambiental de la CPIA (1=bajo a 6=alto)","IQ.CPA.ENVR.XQ","","","","","","","","","","","","","","","","","","","","","","","","","","","","","","","","","","","","","","","","","","","","","","","","","","","","","","","","","","","","","","",
"Eslovenia","SVN","Calificación de políticas e instituciones para la sostenibilidad ambiental de la CPIA (1=bajo a 6=alto)","IQ.CPA.ENVR.XQ","","","","","","","","","","","","","","","","","","","","","","","","","","","","","","","","","","","","","","","","","","","","","","","","","","","","","","","","","","","","","","",
"Suecia","SWE","Calificación de políticas e instituciones para la sostenibilidad ambiental de la CPIA (1=bajo a 6=alto)","IQ.CPA.ENVR.XQ","","","","","","","","","","","","","","","","","","","","","","","","","","","","","","","","","","","","","","","","","","","","","","","","","","","","","","","","","","","","","","",
"Eswatini","SWZ","Calificación de políticas e instituciones para la sostenibilidad ambiental de la CPIA (1=bajo a 6=alto)","IQ.CPA.ENVR.XQ","","","","","","","","","","","","","","","","","","","","","","","","","","","","","","","","","","","","","","","","","","","","","","","","","","","","","","","","","","","","","","",
"Sint Maarten (Dutch part)","SXM","Calificación de políticas e instituciones para la sostenibilidad ambiental de la CPIA (1=bajo a 6=alto)","IQ.CPA.ENVR.XQ","","","","","","","","","","","","","","","","","","","","","","","","","","","","","","","","","","","","","","","","","","","","","","","","","","","","","","","","","","","","","","",
"Seychelles","SYC","Calificación de políticas e instituciones para la sostenibilidad ambiental de la CPIA (1=bajo a 6=alto)","IQ.CPA.ENVR.XQ","","","","","","","","","","","","","","","","","","","","","","","","","","","","","","","","","","","","","","","","","","","","","","","","","","","","","","","","","","","","","","",
"República Árabe Siria","SYR","Calificación de políticas e instituciones para la sostenibilidad ambiental de la CPIA (1=bajo a 6=alto)","IQ.CPA.ENVR.XQ","","","","","","","","","","","","","","","","","","","","","","","","","","","","","","","","","","","","","","","","","","","","","","","","","","","","","","","","","","","","","","",
"Islas Turcas y Caicos","TCA","Calificación de políticas e instituciones para la sostenibilidad ambiental de la CPIA (1=bajo a 6=alto)","IQ.CPA.ENVR.XQ","","","","","","","","","","","","","","","","","","","","","","","","","","","","","","","","","","","","","","","","","","","","","","","","","","","","","","","","","","","","","","",
"Chad","TCD","Calificación de políticas e instituciones para la sostenibilidad ambiental de la CPIA (1=bajo a 6=alto)","IQ.CPA.ENVR.XQ","","","","","","","","","","","","","","","","","","","","","","","","","","","","","","","","","","","","","","","","","","","","","","2.5","2.5","2.5","2","2","2","2.5","2.5","2.5","2.5","2.5","2.5","2.5","2.5","3","3","",
"Asia oriental y el Pacífico (BIRF y la AIF)","TEA","Calificación de políticas e instituciones para la sostenibilidad ambiental de la CPIA (1=bajo a 6=alto)","IQ.CPA.ENVR.XQ","","","","","","","","","","","","","","","","","","","","","","","","","","","","","","","","","","","","","","","","","","","","","","2.81818181818182","2.83333333333333","2.95454545454545","3","3","3","2.96153846153846","3.03571428571429","2.96666666666667","3","3","2.89285714285714","2.89285714285714","2.89285714285714","2.89285714285714","2.96428571428571","",
"Europa y Asia central (BIRF y la AIF)","TEC","Calificación de políticas e instituciones para la sostenibilidad ambiental de la CPIA (1=bajo a 6=alto)","IQ.CPA.ENVR.XQ","","","","","","","","","","","","","","","","","","","","","","","","","","","","","","","","","","","","","","","","","","","","","","3.2","3.1","3.1875","3.1875","3.16666666666667","3.22222222222222","3.125","3.1875","3.1875","3.2","3.2","3.2","3.2","3.3","3.4","3.25","",
"Togo","TGO","Calificación de políticas e instituciones para la sostenibilidad ambiental de la CPIA (1=bajo a 6=alto)","IQ.CPA.ENVR.XQ","","","","","","","","","","","","","","","","","","","","","","","","","","","","","","","","","","","","","","","","","","","","","","2.5","2.5","2.5","2.5","2.5","2.5","2.5","2.5","2.5","3","3.5","4","4","4","4","4","",
"Tailandia","THA","Calificación de políticas e instituciones para la sostenibilidad ambiental de la CPIA (1=bajo a 6=alto)","IQ.CPA.ENVR.XQ","","","","","","","","","","","","","","","","","","","","","","","","","","","","","","","","","","","","","","","","","","","","","","","","","","","","","","","","","","","","","","",
"Tayikistán","TJK","Calificación de políticas e instituciones para la sostenibilidad ambiental de la CPIA (1=bajo a 6=alto)","IQ.CPA.ENVR.XQ","","","","","","","","","","","","","","","","","","","","","","","","","","","","","","","","","","","","","","","","","","","","","","2.5","2.5","2.5","3","3","3","3","3","3","3","3","3","3","3","3","3","",
"Turkmenistán","TKM","Calificación de políticas e instituciones para la sostenibilidad ambiental de la CPIA (1=bajo a 6=alto)","IQ.CPA.ENVR.XQ","","","","","","","","","","","","","","","","","","","","","","","","","","","","","","","","","","","","","","","","","","","","","","","","","","","","","","","","","","","","","","",
"América Latina y el Caribe (BIRF y la AIF)","TLA","Calificación de políticas e instituciones para la sostenibilidad ambiental de la CPIA (1=bajo a 6=alto)","IQ.CPA.ENVR.XQ","","","","","","","","","","","","","","","","","","","","","","","","","","","","","","","","","","","","","","","","","","","","","","3.27777777777778","3.33333333333333","3.33333333333333","3.38888888888889","3.38888888888889","3.38888888888889","3.33333333333333","3.33333333333333","3.33333333333333","3.33333333333333","3.33333333333333","3.3125","3.25","3.3125","3.3125","3.375","",
"Timor-Leste","TLS","Calificación de políticas e instituciones para la sostenibilidad ambiental de la CPIA (1=bajo a 6=alto)","IQ.CPA.ENVR.XQ","","","","","","","","","","","","","","","","","","","","","","","","","","","","","","","","","","","","","","","","","","","","","","","2","2.5","2.5","2.5","2.5","2","2","2","2","2","2","2","2","2","2","",
"Oriente Medio y Norte de África (BIRF y la AIF)","TMN","Calificación de políticas e instituciones para la sostenibilidad ambiental de la CPIA (1=bajo a 6=alto)","IQ.CPA.ENVR.XQ","","","","","","","","","","","","","","","","","","","","","","","","","","","","","","","","","","","","","","","","","","","","","","3","3","3","3.25","3.5","3.5","3","2.75","2.75","2.75","2.75","2.75","2.5","2.5","2.5","2.5","",
"Tonga","TON","Calificación de políticas e instituciones para la sostenibilidad ambiental de la CPIA (1=bajo a 6=alto)","IQ.CPA.ENVR.XQ","","","","","","","","","","","","","","","","","","","","","","","","","","","","","","","","","","","","","","","","","","","","","","3","3","3","3","3","3","3","3","3","3","3","3","3","3","3","3","",
"Asia meridional (BIRF y la AIF)","TSA","Calificación de políticas e instituciones para la sostenibilidad ambiental de la CPIA (1=bajo a 6=alto)","IQ.CPA.ENVR.XQ","","","","","","","","","","","","","","","","","","","","","","","","","","","","","","","","","","","","","","","","","","","","","","3.57142857142857","3.375","3.375","3.375","3.4375","3.3125","3.125","3.1875","3.25","3.21428571428571","3.14285714285714","3.25","3.16666666666667","3.16666666666667","3.35714285714286","3.33333333333333","",
"África al sur del Sahara (BIRF y la AIF)","TSS","Calificación de políticas e instituciones para la sostenibilidad ambiental de la CPIA (1=bajo a 6=alto)","IQ.CPA.ENVR.XQ","","","","","","","","","","","","","","","","","","","","","","","","","","","","","","","","","","","","","","","","","","","","","","3.05405405405405","2.98648648648649","3","2.94594594594595","2.92105263157895","2.98684210526316","3.13157894736842","3.12820512820513","3.08974358974359","3.17105263157895","3.22368421052632","3.17105263157895","3.17948717948718","3.21052631578947","3.23076923076923","3.25641025641026","",
"Trinidad y Tobago","TTO","Calificación de políticas e instituciones para la sostenibilidad ambiental de la CPIA (1=bajo a 6=alto)","IQ.CPA.ENVR.XQ","","","","","","","","","","","","","","","","","","","","","","","","","","","","","","","","","","","","","","","","","","","","","","","","","","","","","","","","","","","","","","",
"Túnez","TUN","Calificación de políticas e instituciones para la sostenibilidad ambiental de la CPIA (1=bajo a 6=alto)","IQ.CPA.ENVR.XQ","","","","","","","","","","","","","","","","","","","","","","","","","","","","","","","","","","","","","","","","","","","","","","","","","","","","","","","","","","","","","","",
"Turquía","TUR","Calificación de políticas e instituciones para la sostenibilidad ambiental de la CPIA (1=bajo a 6=alto)","IQ.CPA.ENVR.XQ","","","","","","","","","","","","","","","","","","","","","","","","","","","","","","","","","","","","","","","","","","","","","","","","","","","","","","","","","","","","","","",
"Tuvalu","TUV","Calificación de políticas e instituciones para la sostenibilidad ambiental de la CPIA (1=bajo a 6=alto)","IQ.CPA.ENVR.XQ","","","","","","","","","","","","","","","","","","","","","","","","","","","","","","","","","","","","","","","","","","","","","","","","","","","","","3","3","3","3","3","3","3","3","3","",
"Tanzanía","TZA","Calificación de políticas e instituciones para la sostenibilidad ambiental de la CPIA (1=bajo a 6=alto)","IQ.CPA.ENVR.XQ","","","","","","","","","","","","","","","","","","","","","","","","","","","","","","","","","","","","","","","","","","","","","","3.5","3.5","3.5","3.5","3.5","3.5","3","3.5","3.5","3.5","3","3","3.5","3","3","3","",
"Uganda","UGA","Calificación de políticas e instituciones para la sostenibilidad ambiental de la CPIA (1=bajo a 6=alto)","IQ.CPA.ENVR.XQ","","","","","","","","","","","","","","","","","","","","","","","","","","","","","","","","","","","","","","","","","","","","","","4","4","4","4","4","4","3.5","3.5","3.5","3.5","3.5","3.5","3.5","3.5","3.5","3.5","",
"Ucrania","UKR","Calificación de políticas e instituciones para la sostenibilidad ambiental de la CPIA (1=bajo a 6=alto)","IQ.CPA.ENVR.XQ","","","","","","","","","","","","","","","","","","","","","","","","","","","","","","","","","","","","","","","","","","","","","","","","","","","","","","","","","","","","","","",
"Ingreso mediano alto","UMC","Calificación de políticas e instituciones para la sostenibilidad ambiental de la CPIA (1=bajo a 6=alto)","IQ.CPA.ENVR.XQ","","","","","","","","","","","","","","","","","","","","","","","","","","","","","","","","","","","","","","","","","","","","","","3.35714285714286","3.32142857142857","3.41666666666667","3.375","3.34615384615385","3.38461538461538","3.30769230769231","3.32142857142857","3.32142857142857","3.36363636363636","3.31818181818182","3.31818181818182","3.27272727272727","3.31818181818182","3.45454545454545","3.5","",
"Uruguay","URY","Calificación de políticas e instituciones para la sostenibilidad ambiental de la CPIA (1=bajo a 6=alto)","IQ.CPA.ENVR.XQ","","","","","","","","","","","","","","","","","","","","","","","","","","","","","","","","","","","","","","","","","","","","","","","","","","","","","","","","","","","","","","",
"Estados Unidos","USA","Calificación de políticas e instituciones para la sostenibilidad ambiental de la CPIA (1=bajo a 6=alto)","IQ.CPA.ENVR.XQ","","","","","","","","","","","","","","","","","","","","","","","","","","","","","","","","","","","","","","","","","","","","","","","","","","","","","","","","","","","","","","",
"Uzbekistán","UZB","Calificación de políticas e instituciones para la sostenibilidad ambiental de la CPIA (1=bajo a 6=alto)","IQ.CPA.ENVR.XQ","","","","","","","","","","","","","","","","","","","","","","","","","","","","","","","","","","","","","","","","","","","","","","3.5","3.5","3.5","3.5","3.5","3.5","3.5","3.5","3.5","3.5","3.5","3.5","3.5","3.5","3.5","3.5","",
"San Vicente y las Granadinas","VCT","Calificación de políticas e instituciones para la sostenibilidad ambiental de la CPIA (1=bajo a 6=alto)","IQ.CPA.ENVR.XQ","","","","","","","","","","","","","","","","","","","","","","","","","","","","","","","","","","","","","","","","","","","","","","3.5","3.5","3.5","3.5","3.5","3.5","3.5","3.5","3.5","3.5","3.5","3.5","3.5","3.5","3.5","4","",
"Venezuela","VEN","Calificación de políticas e instituciones para la sostenibilidad ambiental de la CPIA (1=bajo a 6=alto)","IQ.CPA.ENVR.XQ","","","","","","","","","","","","","","","","","","","","","","","","","","","","","","","","","","","","","","","","","","","","","","","","","","","","","","","","","","","","","","",
"Islas Vírgenes Británicas","VGB","Calificación de políticas e instituciones para la sostenibilidad ambiental de la CPIA (1=bajo a 6=alto)","IQ.CPA.ENVR.XQ","","","","","","","","","","","","","","","","","","","","","","","","","","","","","","","","","","","","","","","","","","","","","","","","","","","","","","","","","","","","","","",
"Islas Vírgenes (EE.UU.)","VIR","Calificación de políticas e instituciones para la sostenibilidad ambiental de la CPIA (1=bajo a 6=alto)","IQ.CPA.ENVR.XQ","","","","","","","","","","","","","","","","","","","","","","","","","","","","","","","","","","","","","","","","","","","","","","","","","","","","","","","","","","","","","","",
"Viet Nam","VNM","Calificación de políticas e instituciones para la sostenibilidad ambiental de la CPIA (1=bajo a 6=alto)","IQ.CPA.ENVR.XQ","","","","","","","","","","","","","","","","","","","","","","","","","","","","","","","","","","","","","","","","","","","","","","3.5","3.5","3.5","3.5","3.5","3.5","3.5","3.5","3.5","4","4","","","","","","",
"Vanuatu","VUT","Calificación de políticas e instituciones para la sostenibilidad ambiental de la CPIA (1=bajo a 6=alto)","IQ.CPA.ENVR.XQ","","","","","","","","","","","","","","","","","","","","","","","","","","","","","","","","","","","","","","","","","","","","","","3","3","3","3","3","3","3","3","3","3.5","3.5","3.5","3.5","3.5","3.5","3.5","",
"Mundo","WLD","Calificación de políticas e instituciones para la sostenibilidad ambiental de la CPIA (1=bajo a 6=alto)","IQ.CPA.ENVR.XQ","","","","","","","","","","","","","","","","","","","","","","","","","","","","","","","","","","","","","","","","","","","","","","3.11184210526316","3.05769230769231","3.09333333333333","3.08666666666667","3.08441558441558","3.11038961038961","3.12179487179487","3.1375","3.11111111111111","3.15131578947368","3.17105263157895","3.13013698630137","3.11486486486486","3.14383561643836","3.18","3.1986301369863","",
"Samoa","WSM","Calificación de políticas e instituciones para la sostenibilidad ambiental de la CPIA (1=bajo a 6=alto)","IQ.CPA.ENVR.XQ","","","","","","","","","","","","","","","","","","","","","","","","","","","","","","","","","","","","","","","","","","","","","","4","4","4","4","4","4","4","4","4","3.5","3.5","3.5","3.5","3.5","3.5","3.5","",
"Kosovo","XKX","Calificación de políticas e instituciones para la sostenibilidad ambiental de la CPIA (1=bajo a 6=alto)","IQ.CPA.ENVR.XQ","","","","","","","","","","","","","","","","","","","","","","","","","","","","","","","","","","","","","","","","","","","","","","","","","","3","3","2.5","3","3","3","3","3","3","3","3.5","3.5","",
"Yemen, Rep. del","YEM","Calificación de políticas e instituciones para la sostenibilidad ambiental de la CPIA (1=bajo a 6=alto)","IQ.CPA.ENVR.XQ","","","","","","","","","","","","","","","","","","","","","","","","","","","","","","","","","","","","","","","","","","","","","","3","3","3","3.5","3.5","3.5","3.5","3","3","3","3","3","2.5","2.5","2.5","2.5","",
"Sudáfrica","ZAF","Calificación de políticas e instituciones para la sostenibilidad ambiental de la CPIA (1=bajo a 6=alto)","IQ.CPA.ENVR.XQ","","","","","","","","","","","","","","","","","","","","","","","","","","","","","","","","","","","","","","","","","","","","","","","","","","","","","","","","","","","","","","",
"Zambia","ZMB","Calificación de políticas e instituciones para la sostenibilidad ambiental de la CPIA (1=bajo a 6=alto)","IQ.CPA.ENVR.XQ","","","","","","","","","","","","","","","","","","","","","","","","","","","","","","","","","","","","","","","","","","","","","","3.5","3.5","3.5","3.5","3.5","3.5","3.5","3.5","3.5","3.5","3.5","3.5","3.5","3.5","3.5","3.5","",
"Zimbabwe","ZWE","Calificación de políticas e instituciones para la sostenibilidad ambiental de la CPIA (1=bajo a 6=alto)","IQ.CPA.ENVR.XQ","","","","","","","","","","","","","","","","","","","","","","","","","","","","","","","","","","","","","","","","","","","","","","2.5","2.5","2.5","2","2","2","3","3","3","3","3.5","4","4","4","4","4","",
