"INDICATOR_CODE","INDICATOR_NAME","SOURCE_NOTE","SOURCE_ORGANIZATION",
"VC.IHR.PSRC.P5","Homicidios intencionales (por cada 100.000 habitantes)","Los homicidios intencionales son cálculos de homicidios ilegales cometidos en forma intencional como resultado de conflictos internos, violencia interpersonal, conflictos violentos por la tierra o sus recursos, violencia entre pandillas por el territorio o el control y asesinatos y violencia que atenta contra la integridad física por parte de grupos armados. El homicidio intencional no incluye todos los asesinatos intencionales; la diferencia suele encontrarse en la organización del asesinato. Por lo general, las personas o grupos pequeños cometen homicidios, mientras que el asesinato en conflictos armados suele ser cometido por grupos organizados de varios cientos de miembros y por ende, se excluye.","Base de datos de Estadísticas de homicidios internacionales de la Oficina de las Naciones Unidas contra la Droga y el Delito.",
"VC.IHR.PSRC.MA.P5","","","",
"VC.IHR.PSRC.FE.P5","","","",
"VC.IDP.TOCV","","","",
"VC.IDP.NWDS","","","",
"VC.IDP.NWCV","","","",
"VC.BTL.DETH","Muertes producto de la guerra (cantidad de personas)","Las bajas en combate son muertes sufridas en conflictos armados entre las partes beligerantes (dos unidades que constituyen las partes de un conflicto). Por lo general, las bajas en combate ocurren en enfrentamientos bélicos que involucran a las fuerzas armadas de las partes beligerantes. Esto incluye enfrentamientos tradicionales en el campo de batalla, actividades guerrilleras y toda clase de bombardeos de unidades militares, ciudades y poblados, etc. Por lo general, el objetivo son los militares y sus instalaciones o instituciones o representantes del Estado, pero a menudo hay daños colaterales importantes como la muerte de civiles en fuego cruzado, en bombardeos indiscriminados, etc. Todas las víctimas de tales situaciones, militares y civiles, se consideran bajas en combate.","Uppsala Conflict Data Program, http://www.pcr.uu.se/research/ucdp/.",
"SG.GEN.PARL.ZS","Proporción de escaños ocupados por mujeres en los parlamentos nacionales (%)","Las mujeres miembros de los parlamentos son la cantidad de mujeres que ocupan escaños en una cámara baja o en una cámara única.","Unión Interparlamentaria (UIP) (www.ipu.org)",
"MS.MIL.XPRT.KD","Transferencias de armamento, exportaciones (valores del indicador de tendencia del Instituto Internacional de Investigación para la Paz de Estocolmo) (SIPRI)","Las transferencias de armamento abarcan el suministro de armas militares a través de las ventas, asistencia, donaciones, y aquellas efectuadas mediante licencias de fabricación. Los datos abarcan las principales armas convencionales, como son los aviones, vehículos blindados, artillería, sistemas de radar, misiles y buques diseñados para uso militar. Quedan excluidas las transferencias de otros equipos militares, como son las armas pequeñas y ligeras, camiones, artillería liviana, municiones, equipo de apoyo, transferencias de tecnología y demás servicios.","Instituto Internacional de Investigación para la Paz de Estocolmo (SIPRI), Programa de Transferencias de Armas (http://portal.sipri.org/publications/pages/transfer/splash).",
"MS.MIL.XPND.ZS","Gasto militar (% del gasto del gobierno central)","Los datos sobre gastos militares del SIPRI se obtienen de la definición de la OTAN, la cual incluye todos los gastos corrientes y de capital relativos a las fuerzas armadas, incluidas las fuerzas de mantenimiento de la paz; los ministerios de defensa y demás organismos de Gobierno  que participan en proyectos de defensa; las fuerzas paramilitares, si se considera que están entrenadas y equipadas para operaciones militares; y las actividades en el área militar. Dichos gastos incluyen el personal militar y civil, incluidas las pensiones de retiro del personal militar y servicios sociales para el personal, operación y mantenimiento, compras, investigación y desarrollo militares, y ayuda militar (en los gastos militares del país donante). No incluye la defensa civil y los gastos corrientes de actividades militares previas, como los beneficios para veteranos, desmovilización, conversión y destrucción de armas. Sin embargo, esta definición no puede aplicarse a todos los países, ya que eso requeriría mucha más información detallada que la disponible en los presupuestos militares y las partidas de gasto militar fuera del presupuesto. (Por ejemplo, los presupuestos militares podrían abarcar o no la defensa civil, los reservistas y fuerzas auxiliares, fuerzas policiales y paramilitares, fuerzas de propósito dual tales como la policía militar y la civil, donaciones militares en especie, pensiones para el personal militar y contribuciones a la seguridad social pagados por un sector del Gobierno a otro.)","Instituto Internacional de Investigación para la Paz de Estocolmo (SIPRI),  Yearbook: Armaments, Disarmament and International Security.",
"MS.MIL.XPND.GD.ZS","Gasto militar (% del PIB)","Los datos sobre gastos militares del SIPRI se obtienen de la definición de la OTAN, la cual incluye todos los gastos corrientes y de capital relativos a las fuerzas armadas, incluidas las fuerzas de mantenimiento de la paz; los ministerios de defensa y demás organismos de Gobierno  que participan en proyectos de defensa; las fuerzas paramilitares, si se considera que están entrenadas y equipadas para operaciones militares; y las actividades en el área militar. Dichos gastos incluyen el personal militar y civil, incluidas las pensiones de retiro del personal militar y servicios sociales para el personal, operación y mantenimiento, compras, investigación y desarrollo militares, y ayuda militar (en los gastos militares del país donante). No incluye la defensa civil y los gastos corrientes de actividades militares previas, como los beneficios para veteranos, desmovilización, conversión y destrucción de armas. Sin embargo, esta definición no puede aplicarse a todos los países, ya que eso requeriría mucha más información detallada que la disponible en los presupuestos militares y las partidas de gasto militar fuera del presupuesto. (Por ejemplo, los presupuestos militares podrían abarcar o no la defensa civil, los reservistas y fuerzas auxiliares, fuerzas policiales y paramilitares, fuerzas de propósito dual tales como la policía militar y la civil, donaciones militares en especie, pensiones para el personal militar y contribuciones a la seguridad social pagados por un sector del Gobierno a otro.)","Instituto Internacional de Investigación para la Paz de Estocolmo (SIPRI),  Yearbook: Armaments, Disarmament and International Security.",
"MS.MIL.XPND.CN","Gasto militar (UMN a precios actuales)","Los datos sobre gastos militares del SIPRI se obtienen de la definición de la OTAN, la cual incluye todos los gastos corrientes y de capital relativos a las fuerzas armadas, incluidas las fuerzas de mantenimiento de la paz; los ministerios de defensa y demás organismos de Gobierno  que participan en proyectos de defensa; las fuerzas paramilitares, si se considera que están entrenadas y equipadas para operaciones militares; y las actividades en el área militar. Dichos gastos incluyen el personal militar y civil, incluidas las pensiones de retiro del personal militar y servicios sociales para el personal, operación y mantenimiento, compras, investigación y desarrollo militares, y ayuda militar (en los gastos militares del país donante). No incluye la defensa civil y los gastos corrientes de actividades militares previas, como los beneficios para veteranos, desmovilización, conversión y destrucción de armas. Sin embargo, esta definición no puede aplicarse a todos los países, ya que eso requeriría mucha más información detallada que la disponible en los presupuestos militares y las partidas de gasto militar fuera del presupuesto. (Por ejemplo, los presupuestos militares podrían abarcar o no la defensa civil, los reservistas y fuerzas auxiliares, fuerzas policiales y paramilitares, fuerzas de propósito dual tales como la policía militar y la civil, donaciones militares en especie, pensiones para el personal militar y contribuciones a la seguridad social pagados por un sector del Gobierno a otro.)","Instituto Internacional de Investigación para la Paz de Estocolmo (SIPRI),  Yearbook: Armaments, Disarmament and International Security.",
"MS.MIL.XPND.CD","","","",
"MS.MIL.TOTL.TF.ZS","Personal de las fuerzas armadas (% del total de la fuerza laboral)","El personal de las fuerzas armadas es el personal militar en actividad, incluidas las fuerzas paramilitares en los casos en que el entrenamiento, la organización, el equipamiento y el control sugieren que pueden emplearse para apoyar o reemplazar a las fuerzas militares regulares. La fuerza laboral comprende a todas las personas que caben dentro de la definición de la Organización Internacional del Trabajo sobre población económicamente activa.","Instituto Internacional de Estudios Estratégicos, The Military Balance.",
"MS.MIL.TOTL.P1","Personal de las fuerzas armadas, total","El personal de las fuerzas armadas es el personal militar en actividad, incluidas las fuerzas paramilitares en los casos en que el entrenamiento, la organización, el equipamiento y el control sugieren que pueden emplearse para apoyar o reemplazar a las fuerzas militares regulares.","Instituto Internacional de Estudios Estratégicos, The Military Balance.",
"MS.MIL.MPRT.KD","Transferencias de armamento, importaciones (valores del indicador de tendencia del Instituto Internacional de Investigación para la Paz de Estocolmo) (SIPRI)","Las transferencias de armamento abarcan el suministro de armas militares a través de las ventas, asistencia, donaciones, y aquellas efectuadas mediante licencias de fabricación. Los datos abarcan las principales armas convencionales, como son los aviones, vehículos blindados, artillería, sistemas de radar, misiles y buques diseñados para uso militar. Quedan excluidas las transferencias de otros equipos militares, como son las armas pequeñas y ligeras, camiones, artillería liviana, municiones, equipo de apoyo, transferencias de tecnología y demás servicios.","Instituto Internacional de Investigación para la Paz de Estocolmo (SIPRI), Programa de Transferencias de Armas (http://portal.sipri.org/publications/pages/transfer/splash).",
"IQ.SPI.PIL5","","","",
"IQ.SPI.PIL4","","","",
"IQ.SPI.PIL3","","","",
"IQ.SPI.PIL2","","","",
"IQ.SPI.PIL1","","","",
"IQ.SPI.OVRL","","","",
"IQ.SCI.SRCE","Evaluación de los datos fuente de la capacidad estadística (escala 0 - 100)","The source data indicator reflects whether a country conducts data collection activities in line with internationally recommended periodicity, and whether data from administrative systems are available. The source data score is calculated as the weighted average of 5 underlying indicator scores. The final source data score contributes 1/3 of the overall Statistical Capacity Indicator score.","Banco Mundial, tablero de anuncios sobre capacidad estadística (http://bbsc.worldbank.org).",
"IQ.SCI.PRDC","Evaluación de la periodicidad y puntualidad de la capacidad estadística (escala 0 - 100)","The periodicity and timeliness indicator assesses the availability and periodicity of key socioeconomic indicators. It measures the extent to which data are made accessible to users through transformation of source data into timely statistical outputs. The periodicity score is calculated as the weighted average of 10 underlying indicator scores. The final periodicity score contributes 1/3 of the overall Statistical Capacity Indicator score.","Banco Mundial, tablero de anuncios sobre capacidad estadística (http://bbsc.worldbank.org).",
"IQ.SCI.OVRL","Nivel general de la capacidad estadística (escala 0 - 100)","The Statistical Capacity Indicator is a composite score assessing the capacity of a country’s statistical system. It is based on a diagnostic framework assessing the following areas: methodology; data sources; and periodicity and timeliness. Countries are scored against 25 criteria in these areas, using publicly available information and/or country input. The overall Statistical Capacity score is then calculated as a simple average of all three area scores on a scale of 0-100.","Banco Mundial, tablero de anuncios sobre capacidad estadística (http://bbsc.worldbank.org).",
"IQ.SCI.MTHD","Evaluación de la metodología de la capacidad estadística (escala 0 - 100)","The methodology indicator measures a country’s ability to adhere to internationally recommended standards and methods. The methodology score is calculated as the weighted average of 10 underlying indicator scores. The final methodology score contributes 1/3 of the overall Statistical Capacity Indicator score.","Banco Mundial, tablero de anuncios sobre capacidad estadística (http://bbsc.worldbank.org).",
"IQ.CPA.TRAN.XQ","Calificación de transparencia, responsabilidad y corrupción en el sector público de la CPIA (1=bajo a 6=alto)","La transparencia, responsabilidad y corrupción en el sector público evalúan hasta qué punto el Poder Ejecutivo es responsable del uso de los fondos y del resultado de sus acciones ante el electorado y los poderes Legislativo y Judicial y en qué medida se exige a los empleados públicos que conforman el Poder Ejecutivo que rindan cuentas de las decisiones administrativas, el uso de los recursos y los resultados obtenidos.  Las tres dimensiones principales aquí evalúadas son la responsabilidad ante instituciones de fiscalización del Ejecutivo y de los empleados públicos por su desempeño, el acceso de la sociedad civil a información sobre los asuntos públicos, y la captación del Estado por los estrechos intereses creados.","Grupo del Banco Mundial, base de datos de la CPIA (http://www.worldbank.org/ida).",
"IQ.CPA.TRAD.XQ","Calificación de comercio de la CPIA (1=bajo a 6=alto)","El comercio evalúa la manera en que el marco de políticas promueve el comercio de bienes.","Grupo del Banco Mundial, base de datos de la CPIA (http://www.worldbank.org/ida).",
"IQ.CPA.STRC.XQ","Promedio grupal de políticas estructurales de la CPIA (1=bajo a 6=alto)","El grupo de políticas estructurales incluye el comercio, el sector financiero y el ámbito regulador empresarial.","Grupo del Banco Mundial, base de datos de la CPIA (http://www.worldbank.org/ida).",
"IQ.CPA.SOCI.XQ","Promedio grupal de políticas de inclusión/equidad social de la CPIA (1=bajo a 6=alto)","El grupo de políticas de inclusión social y equidad incluyen la igualdad de género, la equidad en el uso de los recursos públicos, la formación de recursos humanos, protección social y laboral, y políticas e instituciones para la sostenibilidad ambiental.","Grupo del Banco Mundial, base de datos de la CPIA (http://www.worldbank.org/ida).",
"IQ.CPA.REVN.XQ","Calificación de eficiencia en la movilización de recursos de la CPIA (1=bajo a 6=alto)","La eficiencia en la movilización de recursos evalúa el patrón general de la movilización de recursos, no solamente la estructura impositiva de hecho, sino también los recursos provenientes de todas las fuentes como efectivamente se recaudan.","Grupo del Banco Mundial, base de datos de la CPIA (http://www.worldbank.org/ida).",
"IQ.CPA.PUBS.XQ","Promedio grupal de instituciones y gestión del sector público de la CPIA (1=bajo a 6=alto)","The public sector management and institutions cluster includes property rights and rule-based governance, quality of budgetary and financial management, efficiency of revenue mobilization, quality of public administration, and transparency, accountability, and corruption in the public sector.","Grupo Banco Mundial, base de datos de la evaluación de las políticas e instituciones nacionales (EPIN) (http://www.worldbank.org/ida).",
"IQ.CPA.PROT.XQ","Calificación de protección social de la CPIA (1=bajo a 6=alto)","La protección social y laboral evalúa las políticas de Gobierno en materia de regulación de la protección social y el mercado de trabajo que reducen el riesgo de empobrecimiento, asisten a quienes son pobres a hacer mejor frente a otros riesgos, y aseguran un nivel mínimo de bienestar para todo el pueblo.","Grupo del Banco Mundial, base de datos de la CPIA (http://www.worldbank.org/ida).",
"IQ.CPA.PROP.XQ","Calificación de derechos de propiedad y gobierno basado en normas de la CPIA (1=bajo a 6=alto)","Los derechos de propiedad y gobierno basado en normas evalúan en qué medida la actividad económica privada se ve facilitada por un sistema jurídico eficaz y una estructura de gobierno basado en normas, en la que los derechos de propiedad y contractuales son respetados y cumplidos de manera confiable.","Grupo del Banco Mundial, base de datos de la CPIA (http://www.worldbank.org/ida).",
"IQ.CPA.PRES.XQ","Calificación de equidad en el uso de los recursos públicos de la CPIA (1=bajo a 6=alto)","La equidad en el uso de los recursos públicos evalúa el grado en que el patrón del gasto público y la recaudación fiscal tienen efecto sobre la pobreza, y hasta qué punto es congruente con las prioridades en torno a la reducción de la pobreza nacional.","Grupo del Banco Mundial, base de datos de la CPIA (http://www.worldbank.org/ida).",
"IQ.CPA.PADM.XQ","Calificación de calidad de la administración pública de la CPIA (1=bajo a 6=alto)","La calidad de la administración pública evalúa la medida en que el personal civil del Gobierno central se estructura para formular y ejecutar políticas de Gobierno, y prestar servicios de manera efectiva.","Grupo del Banco Mundial, base de datos de la CPIA (http://www.worldbank.org/ida).",
"IQ.CPA.MACR.XQ","Calificación de gestión macroeconómica de la CPIA (1=bajo a 6=alto)","La gestión macroeconómica evalúa el marco de políticas monetarias, cambiarias y de demanda agregada. ","Grupo del Banco Mundial, base de datos de la CPIA (http://www.worldbank.org/ida).",
"IQ.CPA.IRAI.XQ","Índice de asignación de recursos de la AIF (1 =bajo a 6 = alto)","El índice de asignación de recursos de la AIF se obtiene calculando la calificación promedio de cada grupo, para luego promediar dichos puntajes.  Para cada uno de los 16 criterios, los países se clasifican en una escala del 1 (bajo) al 6 (alto). ","Grupo del Banco Mundial, base de datos de la CPIA (http://www.worldbank.org/ida).",
"IQ.CPA.HRES.XQ"," Calificación de formación de recursos humanos de las Evaluaciones de las políticas e instituciones nacionales: CPIA (1=bajo a 6=alto)","La formación de recursos humanos evalúa las políticas nacionales y la prestación de servicios de los sectores público y privado que afectan el acceso a los servicios de salud y educación, como también su calidad, lo cual incluye la prevención y el tratamiento del VIH/SIDA, la tuberculosis y el paludismo.","Grupo del Banco Mundial, base de datos de la CPIA (http://www.worldbank.org/ida).",
"IQ.CPA.GNDR.XQ","Calificación de igualdad de género de la CPIA  (1=bajo a 6=alto)","La igualdad de género evalúa el grado en que el país ha instaurado instituciones y programas que cumplan con las leyes y las políticas orientadas a promover el acceso de hombres y mujeres por igual a la educación, la salud, la economía y la protección de acuerdo con la ley.","Grupo del Banco Mundial, base de datos de la CPIA (http://www.worldbank.org/ida).",
"IQ.CPA.FISP.XQ","Calificación de la política fiscal de la CPIA (1=bajo a 6=alto)","La política fiscal evalúa la sostenibilidad a corto y mediano plazo de la política fiscal (tomando en cuenta tanto la política monetaria y cambiaria como la sostenibilidad de la deuda pública) y su repercusión en el crecimiento.","Grupo del Banco Mundial, base de datos de la CPIA (http://www.worldbank.org/ida).",
"IQ.CPA.FINS.XQ","Calificación del sector financiero de la CPIA (1=bajo a 6=alto)","El sector financiero evalúa la estructura del sector financiero y de las políticas y las disposiciones que lo afectan.","Grupo del Banco Mundial, base de datos de la CPIA (http://www.worldbank.org/ida).",
"IQ.CPA.FINQ.XQ","Calificación de calidad de gestión financiera y presupuestaria de la CPIA (1=bajo a 6=alto)","La calidad de gestión financiera y presupuestaria evalúa hasta qué punto existe un presupuesto exhaustivo y creíble vinculado a las prioridades de las políticas, sistemas efectivos de gestión financiera, y contabilidad e informes fiscales precisos y puntuales, lo que incluye cuentas públicas auditadas y en tiempo. ","Grupo del Banco Mundial, base de datos de la CPIA (http://www.worldbank.org/ida).",
"IQ.CPA.ENVR.XQ","Calificación de políticas e instituciones para la sostenibilidad ambiental de la CPIA (1=bajo a 6=alto)","Las políticas y las instituciones para la sostenible ambiental evalúan la medida en que las políticas ambientales promueven la protección y el uso sustentable de los recursos naturales, así como la gestión de la polución.","Grupo del Banco Mundial, base de datos de la CPIA (http://www.worldbank.org/ida).",
"IQ.CPA.ECON.XQ","Promedio grupal de gestión económica de la CPIA (1=bajo a 6=alto)","El grupo de gestión económica incluye la gestión macroeconómica, la política fiscal y las políticas de deuda.","Grupo del Banco Mundial, base de datos de la CPIA (http://www.worldbank.org/ida).",
"IQ.CPA.DEBT.XQ","Calificación de las políticas de deuda de la CPIA (1=bajo a 6=alto)","Las políticas de deuda evalúan si la estrategia de gestión de la deuda resulta conducente para minimizar los riesgos presupuestarios y asegurar la sostenibilidad de la deuda a largo plazo.","Grupo del Banco Mundial, base de datos de la CPIA (http://www.worldbank.org/ida).",
"IQ.CPA.BREG.XQ","Calificación del ámbito regulador empresarial  de la CPIA (1=bajo a 6=alto)","El ámbito regulador empresarial evalúa el grado en que los entornos legales, reglamentarios y de políticas promueven o dificultan que las empresas privadas inviertan, creen puestos de trabajo y se  tornen más productivas.","Grupo del Banco Mundial, base de datos de la CPIA (http://www.worldbank.org/ida).",
"IC.TAX.TOTL.CP.ZS","Tasa tributaria total (% de utilidades comerciales)","La tasa tributaria total mide el monto de impuestos y contribuciones obligatorias que pagan las empresas después de justificar las exenciones y deducciones permitidas como porción de las utilidades comerciales. Se excluyen los impuestos retenidos (como impuesto al ingreso personal) o cobrados y remitidos a autoridades fiscales (como impuestos al valor agregado, impuestos a las ventas o impuestos a los bienes y servicios).","Banco Mundial, proyecto Doing Business (http://www.doingbusiness.org/).",
"IC.TAX.PAYM","Pago de impuestos (número)","Los pagos de impuestos de las empresas son la cantidad total de impuestos que pagan las empresas, incluidas las presentaciones electrónicas. El impuesto se cuenta como pagado una vez por año aunque los pagos sean más frecuentes.","Banco Mundial, proyecto Doing Business (http://www.doingbusiness.org/).",
"IC.TAX.DURS","Tiempo para preparar y pagar impuestos (horas)","El tiempo para preparar y pagar impuestos es el tiempo, en horas por año, que lleva la preparación, la presentación y el pago (o retención) de tres grandes tipos de impuestos: el impuesto sobre las utilidades, el impuesto al valor agregado o a las ventas, y los impuestos laborales, que incluyen los impuestos sobre nóminas y las contribuciones a la seguridad social.","Banco Mundial, proyecto Doing Business (http://www.doingbusiness.org/).",
"IC.LGL.CRED.XQ","Índice de fortaleza de los derechos legales (0 = débil a 12 = fuerte)","El índice de fortaleza de los derechos legales mide el grado en el que las leyes de garantía y quiebra protegen los derechos de los prestatarios y prestamistas y, de ese modo, facilitan el otorgamiento de préstamos. El índice abarca un rango del 0 al 12; las calificaciones más altas indican que las leyes están mejor diseñadas para expandir el acceso al crédito.","Banco Mundial, proyecto Doing Business (http://www.doingbusiness.org/).",
"IC.CRD.PUBL.ZS","Cobertura del registro público de crédito (% de adultos)","La cobertura del registro público de crédito indica la cantidad de personas y empresas listadas en un registro público de crédito con información actual sobre el historial de reembolsos, deuda impaga o crédito pendiente. La cantidad se expresa como porcentaje de la población adulta.","Banco Mundial, proyecto Doing Business (http://www.doingbusiness.org/).",
"HD.HCI.OVRL.UB.MA","Índice de Capital Humano, masculino, límite superior (escala de 0 a 1)","El límite superior del ICH refleja la incertidumbre en la medición de los componentes y el índice general. Se obtiene volviendo a calcular el ICH y usando las estimaciones de los límites superiores de cada uno de los componentes del ICH. El rango entre el límite superior y el límite inferior es el intervalo de incertidumbre. Si bien los intervalos de incertidumbre obtenidos aquí no tienen una interpretación estadística rigurosa, una regla general es que si se asemejan mucho para dos países, es probable que las diferencias entre sus valores del ICH no sean prácticamente significativas. 
","Los cálculos del personal del Banco Mundial están basados en la metodología descrita en Kraay (2018).  http://documents.worldbank.org/curated/en/300071537907028892/Methodology-for-a-World-Bank-Human-Capital-Index
",
"HD.HCI.OVRL.UB.FE","Índice de Capital Humano, femenino, límite superior (escala de 0 a 1)","El límite superior del ICH refleja la incertidumbre en la medición de los componentes y el índice general. Se obtiene volviendo a calcular el ICH y usando las estimaciones de los límites superiores de cada uno de los componentes del ICH. El rango entre el límite superior y el límite inferior es el intervalo de incertidumbre. Si bien los intervalos de incertidumbre obtenidos aquí no tienen una interpretación estadística rigurosa, una regla general es que si se asemejan mucho para dos países, es probable que las diferencias entre sus valores del ICH no sean prácticamente significativas. 
","Los cálculos del personal del Banco Mundial están basados en la metodología descrita en Kraay (2018).  http://documents.worldbank.org/curated/en/300071537907028892/Methodology-for-a-World-Bank-Human-Capital-Index
",
"HD.HCI.OVRL.UB","Índice de Capital Humano, límite superior (escala de 0 a 1)","El límite superior del ICH refleja la incertidumbre en la medición de los componentes y el índice general. Se obtiene volviendo a calcular el ICH y usando las estimaciones de los límites superiores de cada uno de los componentes del ICH. El rango entre el límite superior y el límite inferior es el intervalo de incertidumbre. Si bien los intervalos de incertidumbre obtenidos aquí no tienen una interpretación estadística rigurosa, una regla general es que si se asemejan mucho para dos países, es probable que las diferencias entre sus valores del ICH no sean prácticamente significativas. 
","Los cálculos del personal del Banco Mundial están basados en la metodología descrita en Kraay (2018).  http://documents.worldbank.org/curated/en/300071537907028892/Methodology-for-a-World-Bank-Human-Capital-Index
",
"HD.HCI.OVRL.MA","Índice de Capital Humano, masculino (escala de 0 a 1)","El ICH calcula las contribuciones de la salud y la educación a la productividad laboral. El puntaje del índice final oscila entre 0 y 1, y mide la productividad que tendrá una niña o un niño nacido hoy cuando sea un trabajador en el futuro, en comparación con la que podría tener si hubiera contado con una atención integral de salud y una educación completa. 
","Los cálculos del personal del Banco Mundial están basados en la metodología descrita en Kraay (2018).  http://documents.worldbank.org/curated/en/300071537907028892/Methodology-for-a-World-Bank-Human-Capital-Index
",
"HD.HCI.OVRL.LB.MA","Índice de Capital Humano, masculino, límite inferior (escala de 0 a 1)","El límite inferior del ICH refleja la incertidumbre en la medición de los componentes y el índice general. Se obtiene volviendo a calcular el ICH y usando las estimaciones de los límites inferiores de cada uno de los componentes del ICH. El rango entre el límite superior y el límite inferior es el intervalo de incertidumbre. Si bien los intervalos de incertidumbre obtenidos aquí no tienen una interpretación estadística rigurosa, una regla general es que si se asemejan mucho para dos países, es probable que las diferencias entre sus valores del ICH no sean prácticamente significativas. 
","Los cálculos del personal del Banco Mundial están basados en la metodología descrita en Kraay (2018).  http://documents.worldbank.org/curated/en/300071537907028892/Methodology-for-a-World-Bank-Human-Capital-Index
",
"HD.HCI.OVRL.LB.FE","Índice de Capital Humano, femenino, límite inferior (escala de 0 a 1)","El límite inferior del ICH refleja la incertidumbre en la medición de los componentes y el índice general. Se obtiene volviendo a calcular el ICH y usando las estimaciones de los límites inferiores de cada uno de los componentes del ICH. El rango entre el límite superior y el límite inferior es el intervalo de incertidumbre. Si bien los intervalos de incertidumbre obtenidos aquí no tienen una interpretación estadística rigurosa, una regla general es que si se asemejan mucho para dos países, es probable que las diferencias entre sus valores del ICH no sean prácticamente significativas. 
","Los cálculos del personal del Banco Mundial están basados en la metodología descrita en Kraay (2018).  http://documents.worldbank.org/curated/en/300071537907028892/Methodology-for-a-World-Bank-Human-Capital-Index
",
"HD.HCI.OVRL.LB","Índice de Capital Humano, límite inferior (escala de 0 a 1)","El límite inferior del ICH refleja la incertidumbre en la medición de los componentes y el índice general. Se obtiene volviendo a calcular el ICH y usando las estimaciones de los límites inferiores de cada uno de los componentes del ICH. El rango entre el límite superior y el límite inferior es el intervalo de incertidumbre. Si bien los intervalos de incertidumbre obtenidos aquí no tienen una interpretación estadística rigurosa, una regla general es que si se asemejan mucho para dos países, es probable que las diferencias entre sus valores del ICH no sean prácticamente significativas. 
","Los cálculos del personal del Banco Mundial están basados en la metodología descrita en Kraay (2018).  http://documents.worldbank.org/curated/en/300071537907028892/Methodology-for-a-World-Bank-Human-Capital-Index
",
"HD.HCI.OVRL.FE","Índice de Capital Humano, femenino (escala de 0 a 1)","El ICH calcula las contribuciones de la salud y la educación a la productividad laboral. El puntaje del índice final oscila entre 0 y 1, y mide la productividad que tendrá una niña o un niño nacido hoy cuando sea un trabajador en el futuro, en comparación con la que podría tener si hubiera contado con una atención integral de salud y una educación completa. 
","Los cálculos del personal del Banco Mundial están basados en la metodología descrita en Kraay (2018).  http://documents.worldbank.org/curated/en/300071537907028892/Methodology-for-a-World-Bank-Human-Capital-Index
",
"HD.HCI.OVRL","Índice de Capital Humano (escala de 0 a 1)","El ICH calcula las contribuciones de la salud y la educación a la productividad laboral. El puntaje del índice final oscila entre 0 y 1, y mide la productividad que tendrá una niña o un niño nacido hoy cuando sea un trabajador en el futuro, en comparación con la que podría tener si hubiera contado con una atención integral de salud y una educación completa. 
","Los cálculos del personal del Banco Mundial están basados en la metodología descrita en Kraay (2018).  http://documents.worldbank.org/curated/en/300071537907028892/Methodology-for-a-World-Bank-Human-Capital-Index
",
"GF.XPD.BUDG.ZS","","","",
"GC.XPN.TRFT.ZS","Subsidios y otras transferencias (% del gasto)","Los subsidios, las donaciones y otros beneficios incluyen todas las transferencias sin contrapartida, no reembolsables en cuenta corriente a empresas privadas y públicas; donaciones a Gobiernos extranjeros, organizaciones internacionales y otras unidades de Gobierno; y seguro social, beneficios de asistencia social y beneficios sociales del empleador en dinero y especie.","Fondo Monetario Internacional, Anuario de Estadísticas de las Finanzas Públicas y archivos de datos.",
"GC.XPN.TRFT.CN","Subsidios y otras transferencias (UMN a precios actuales)","Los subsidios, las donaciones y otros beneficios incluyen todas las transferencias sin contrapartida, no reembolsables en cuenta corriente a empresas privadas y públicas; donaciones a Gobiernos extranjeros, organizaciones internacionales y otras unidades de Gobierno; y seguro social, beneficios de asistencia social y beneficios sociales del empleador en dinero y especie.","Fondo Monetario Internacional, Anuario de Estadísticas de las Finanzas Públicas y archivos de datos.",
"GC.XPN.TOTL.GD.ZS","Gasto (% del PIB)","Los gastos son los pagos de dinero por actividades operativas del Gobierno para la provisión de bienes y servicios. Incluye remuneración de empleados (como sueldos y salarios), interés y subsidios, donaciones, beneficios sociales y otros gastos como renta y dividendos.","Fondo Monetario Internacional, Anuario de Estadísticas de las Finanzas Públicas y archivos de datos, y estimaciones del PIB del Banco Mundial y la OCDE.",
"GC.XPN.TOTL.CN","Gasto (UMN a precios actuales)","Los gastos son los pagos de dinero por actividades operativas del Gobierno para la provisión de bienes y servicios. Incluye remuneración de empleados (como sueldos y salarios), interés y subsidios, donaciones, beneficios sociales y otros gastos como renta y dividendos.","Fondo Monetario Internacional, Anuario de Estadísticas de las Finanzas Públicas y archivos de datos.",
"GC.XPN.OTHR.ZS","Otro gasto (% de gasto)","Otros gastos son los gastos en dividendos, renta y otros gastos varios, incluso las reservas para consumo de capital fijo.","Fondo Monetario Internacional, Anuario de Estadísticas de las Finanzas Públicas y archivos de datos.",
"GC.XPN.OTHR.CN","Otro gasto (UMN a precios actuales)","Otros gastos son los gastos en dividendos, renta y otros gastos varios, incluso las reservas para consumo de capital fijo.","Fondo Monetario Internacional, Anuario de Estadísticas de las Finanzas Públicas y archivos de datos.",
"GC.XPN.INTP.ZS","Pago de intereses (% del gasto)","Los pagos de interés incluyen los pagos de interés por deuda del Gobierno (incluso bonos a largo plazo, préstamos a largo plazo y otros instrumentos de deuda) a residentes nacionales y extranjeros.","Fondo Monetario Internacional, Anuario de Estadísticas de las Finanzas Públicas y archivos de datos.",
"GC.XPN.INTP.RV.ZS","Pago de intereses (% de la recaudación)","Los pagos de interés incluyen los pagos de interés por deuda del Gobierno (incluso bonos a largo plazo, préstamos a largo plazo y otros instrumentos de deuda) a residentes nacionales y extranjeros.","Fondo Monetario Internacional, Anuario de Estadísticas de las Finanzas Públicas y archivos de datos.",
"GC.XPN.INTP.CN","Pago de intereses (UMN a precios actuales)","Los pagos de interés incluyen los pagos de interés por deuda del Gobierno (incluso bonos a largo plazo, préstamos a largo plazo y otros instrumentos de deuda) a residentes nacionales y extranjeros.","Fondo Monetario Internacional, Anuario de Estadísticas de las Finanzas Públicas y archivos de datos.",
"GC.XPN.GSRV.ZS","Gasto en bienes y servicios (% del gasto)","Los bienes y servicios incluyen todos los pagos del Gobierno realizados a cambio de bienes y servicios utilizados para la producción de bienes y servicios de mercado y ajenos al mercado. Se excluye la formación de capital por cuenta propia.","Fondo Monetario Internacional, Anuario de Estadísticas de las Finanzas Públicas y archivos de datos.",
"GC.XPN.GSRV.CN","Gasto en bienes y servicios (UMN a precios actuales)","Los bienes y servicios incluyen todos los pagos del Gobierno realizados a cambio de bienes y servicios utilizados para la producción de bienes y servicios de mercado y ajenos al mercado. Se excluye la formación de capital por cuenta propia.","Fondo Monetario Internacional, Anuario de Estadísticas de las Finanzas Públicas y archivos de datos.",
"GC.XPN.COMP.ZS","Compensación de empleados (% del gasto)","La remuneración de empleados consiste en todos los pagos en dinero y especie (por ejemplo, en alimentos y vivienda) realizados a empleados a cambio de servicios prestados, y contribuciones del Gobierno a esquemas de seguridad social como el seguro social y las pensiones que otorgan beneficios a empleados.","Fondo Monetario Internacional, Anuario de Estadísticas de las Finanzas Públicas y archivos de datos.",
"GC.XPN.COMP.CN","Compensación de empleados (UMN a precios actuales)","La remuneración de empleados consiste en todos los pagos en dinero y especie (por ejemplo, en alimentos y vivienda) realizados a empleados a cambio de servicios prestados, y contribuciones del Gobierno a esquemas de seguridad social como el seguro social y las pensiones que otorgan beneficios a empleados.","Fondo Monetario Internacional, Anuario de Estadísticas de las Finanzas Públicas y archivos de datos.",
"GC.TAX.YPKG.ZS","Impuestos sobre la renta, las utilidades y las ganancias de capital (% del total de impuestos)","Los impuestos sobre la renta, las utilidades y las ganancias de capital se gravan sobre el ingreso neto real o presunto de las personas, sobre las utilidades de las sociedades y empresas, y sobre las ganancias de capital, realizadas o no, la tierra, valores y otros activos. Los pagos intragubernamentales se eliminan en la consolidación.","Fondo Monetario Internacional, Anuario de Estadísticas de las Finanzas Públicas y archivos de datos.",
"GC.TAX.YPKG.RV.ZS","Impuestos sobre la renta, las utilidades y las ganancias de capital (% de la recaudación)","Los impuestos sobre la renta, las utilidades y las ganancias de capital se gravan sobre el ingreso neto real o presunto de las personas, sobre las utilidades de las sociedades y empresas, y sobre las ganancias de capital, realizadas o no, la tierra, valores y otros activos. Los pagos intragubernamentales se eliminan en la consolidación.","Fondo Monetario Internacional, Anuario de Estadísticas de las Finanzas Públicas y archivos de datos.",
"GC.TAX.YPKG.CN","Impuestos sobre la renta, las utilidades y las ganancias de capital (UMN a precios actuales)","Los impuestos sobre la renta, las utilidades y las ganancias de capital se gravan sobre el ingreso neto real o presunto de las personas, sobre las utilidades de las sociedades y empresas, y sobre las ganancias de capital, realizadas o no, la tierra, valores y otros activos. Los pagos intragubernamentales se eliminan en la consolidación.","Fondo Monetario Internacional, Anuario de Estadísticas de las Finanzas Públicas y archivos de datos.",
"GC.TAX.TOTL.GD.ZS","Recaudación impositiva (% del PIB)","La recaudación impositiva se refiere a las transferencias obligatorias al Gobierno central con fines públicos. Se excluyen ciertas transferencias obligatorias como las multas, sanciones y la mayoría de las contribuciones al seguro social. Los reembolsos y correcciones de ingresos tributarios recaudados por error se consideran ingreso negativo.","Fondo Monetario Internacional, Anuario de Estadísticas de las Finanzas Públicas y archivos de datos, y estimaciones del PIB del Banco Mundial y la OCDE.",
"GC.TAX.TOTL.CN","Recaudación impositiva (UMN a precios actuales)","La recaudación impositiva se refiere a las transferencias obligatorias al Gobierno central con fines públicos. Se excluyen ciertas transferencias obligatorias como las multas, sanciones y la mayoría de las contribuciones al seguro social. Los reembolsos y correcciones de ingresos tributarios recaudados por error se consideran ingreso negativo.","Fondo Monetario Internacional, Anuario de Estadísticas de las Finanzas Públicas y archivos de datos.",
"GC.TAX.OTHR.RV.ZS","Otros impuestos (% de recaudación)","Otros impuestos incluyen la nómina del empleador o impuestos laborales, los impuestos a la propiedad y los impuestos no asignables a otras categorías, como las sanciones por pago atrasado o deuda de impuestos.","Fondo Monetario Internacional, Anuario de Estadísticas de las Finanzas Públicas y archivos de datos.",
"GC.TAX.OTHR.CN","Otros impuestos (UMN a precios actuales)","Otros impuestos incluyen la nómina del empleador o impuestos laborales, los impuestos a la propiedad y los impuestos no asignables a otras categorías, como las sanciones por pago atrasado o deuda de impuestos.","Fondo Monetario Internacional, Anuario de Estadísticas de las Finanzas Públicas y archivos de datos.",
"GC.TAX.INTT.RV.ZS","Impuestos al comercio internacional (% de la recaudación)","Los impuestos al comercio internacional incluyen los derechos de importación, los derechos de exportación, las utilidades de monopolios de exportación o importación, las utilidades cambiarias y los impuestos sobre operaciones cambiarias.","Fondo Monetario Internacional, Anuario de Estadísticas de las Finanzas Públicas y archivos de datos.",
"GC.TAX.INTT.CN","Impuestos al comercio internacional (UMN a precios actuales)","Los impuestos al comercio internacional incluyen los derechos de importación, los derechos de exportación, las utilidades de monopolios de exportación o importación, las utilidades cambiarias y los impuestos sobre operaciones cambiarias.","Fondo Monetario Internacional, Anuario de Estadísticas de las Finanzas Públicas y archivos de datos.",
"GC.TAX.IMPT.ZS","Aduana y otros impuestos a las importaciones (% de la recaudación impositiva)","Los derechos aduaneros y otros impuestos a la importación son todos los gravámenes cobrados por bienes que ingresan en el país o servicios que prestan no residentes a residentes. Incluyen gravámenes impuestos para  el ingreso o con fines de protección y determinados de manera específica o ad valórem siempre y cuando estén restringidos a bienes o servicios importados.","Fondo Monetario Internacional, Anuario de Estadísticas de las Finanzas Públicas y archivos de datos.",
"GC.TAX.IMPT.CN","Aduana y otros impuestos a las importaciones (UMN a precios actuales)","Los derechos aduaneros y otros impuestos a la importación son todos los gravámenes cobrados por bienes que ingresan en el país o servicios que prestan no residentes a residentes. Incluyen gravámenes impuestos para  el ingreso o con fines de protección y determinados de manera específica o ad valórem siempre y cuando estén restringidos a bienes o servicios importados.","Fondo Monetario Internacional, Anuario de Estadísticas de las Finanzas Públicas y archivos de datos.",
"GC.TAX.GSRV.VA.ZS","Impuestos sobre bienes y servicios (% del valor agregado de industria y servicios)","Los impuestos a bienes y servicios incluyen los impuestos generales a las ventas y a la facturación o el valor agregado, los selectivos al consumo de bienes y servicios, los impuestos al uso de bienes o propiedad, los impuestos a la extracción y producción de minerales, y los impuestos a las utilidades de monopolios fiscales.","Fondo Monetario Internacional, Anuario de Estadísticas de las Finanzas Públicas y archivos de datos, y estimaciones de valor agregado del Banco Mundial y la OCDE.",
"GC.TAX.GSRV.RV.ZS","Impuestos sobre bienes y servicios (% de la recaudación)","Los impuestos a bienes y servicios incluyen los impuestos generales a las ventas y a la facturación o el valor agregado, los selectivos al consumo de bienes y servicios, los impuestos al uso de bienes o propiedad, los impuestos a la extracción y producción de minerales, y los impuestos a las utilidades de monopolios fiscales.","Fondo Monetario Internacional, Anuario de Estadísticas de las Finanzas Públicas y archivos de datos.",
"GC.TAX.GSRV.CN","Impuestos sobre bienes y servicios (UMN a precios actuales)","Los impuestos a bienes y servicios incluyen los impuestos generales a las ventas y a la facturación o el valor agregado, los selectivos al consumo de bienes y servicios, los impuestos al uso de bienes o propiedad, los impuestos a la extracción y producción de minerales, y los impuestos a las utilidades de monopolios fiscales.","Fondo Monetario Internacional, Anuario de Estadísticas de las Finanzas Públicas y archivos de datos.",
"GC.TAX.EXPT.ZS","Impuestos a las exportaciones (% de la recaudación impositiva)","Los impuestos a las exportaciones son todos los gravámenes sobre los bienes que se transportan fuera del país o servicios que prestan residentes a no residentes. La desgravación tributaria sobre los bienes exportados son devoluciones de impuestos generales al consumo, impuestos selectivos al consumo o derechos de importación pagados con anterioridad que se deducen de las sumas brutas por pagar en concepto de esos impuestos, no de las sumas por pagar en concepto de impuestos a la exportación.","Fondo Monetario Internacional, Anuario de Estadísticas de las Finanzas Públicas y archivos de datos.",
"GC.TAX.EXPT.CN","Impuestos a las exportaciones (UMN a precios actuales)","Los impuestos a las exportaciones son todos los gravámenes sobre los bienes que se transportan fuera del país o servicios que prestan residentes a no residentes. La desgravación tributaria sobre los bienes exportados son devoluciones de impuestos generales al consumo, impuestos selectivos al consumo o derechos de importación pagados con anterioridad que se deducen de las sumas brutas por pagar en concepto de esos impuestos, no de las sumas por pagar en concepto de impuestos a la exportación.","Fondo Monetario Internacional, Anuario de Estadísticas de las Finanzas Públicas y archivos de datos.",
"GC.REV.XGRT.GD.ZS","Recaudación, excluidas las donaciones (% del PIB)","El ingreso es el dinero proveniente de impuestos, contribuciones sociales y otros ingresos como multas, tarifas, renta e ingreso proveniente de propiedades o ventas. Las donaciones también se consideran ingreso, pero aquí se excluyen.","Fondo Monetario Internacional, Anuario de Estadísticas de las Finanzas Públicas y archivos de datos, y estimaciones del PIB del Banco Mundial y la OCDE.",
"GC.REV.XGRT.CN","Recaudación, excluidas las donaciones (UMN a precios actuales)","El ingreso es el dinero proveniente de impuestos, contribuciones sociales y otros ingresos como multas, tarifas, renta e ingreso proveniente de propiedades o ventas. Las donaciones también se consideran ingreso, pero aquí se excluyen.","Fondo Monetario Internacional, Anuario de Estadísticas de las Finanzas Públicas y archivos de datos.",
"GC.REV.SOCL.ZS","Contribuciones sociales (% de la recaudación)","Las contribuciones sociales incluyen las contribuciones al seguro social por parte de los empleados, empleadores y trabajadores independientes, y otras contribuciones cuya fuente no puede determinarse. También incluyen las contribuciones reales o imputadas a esquemas de seguro operados por el Gobierno.","Fondo Monetario Internacional, Anuario de Estadísticas de las Finanzas Públicas y archivos de datos.",
"GC.REV.SOCL.CN","Contribuciones sociales (UMN a precios actuales)","Las contribuciones sociales incluyen las contribuciones al seguro social por parte de los empleados, empleadores y trabajadores independientes, y otras contribuciones cuya fuente no puede determinarse. También incluyen las contribuciones reales o imputadas a esquemas de seguro operados por el Gobierno.","Fondo Monetario Internacional, Anuario de Estadísticas de las Finanzas Públicas y archivos de datos.",
"GC.REV.GOTR.ZS","Donaciones y otros ingresos (% de ingresos)","Las donaciones y otros ingresos incluyen las donaciones de Gobiernos extranjeros, organizaciones internacionales y demás unidades de gobierno; el interés; los dividendos; la renta; los recibos con contrapartida, no reembolsables, con fines públicos (como multas, derechos administrativos e ingresos empresariales generados por los activos del Gobierno); y recibos voluntarios, sin contrapartida y no reembolsables que no constituyan donaciones.","Fondo Monetario Internacional, Anuario de Estadísticas de las Finanzas Públicas y archivos de datos.",
"GC.REV.GOTR.CN","Donaciones y otros ingresos (UMN a precios actuales)","Las donaciones y otros ingresos incluyen las donaciones de Gobiernos extranjeros, organizaciones internacionales y demás unidades de gobierno; el interés; los dividendos; la renta; los recibos con contrapartida, no reembolsables, con fines públicos (como multas, derechos administrativos e ingresos empresariales generados por los activos del Gobierno); y recibos voluntarios, sin contrapartida y no reembolsables que no constituyan donaciones.","Fondo Monetario Internacional, Anuario de Estadísticas de las Finanzas Públicas y archivos de datos.",
"GC.NLD.TOTL.GD.ZS","Capacidad de financiamiento neto (+)/necesidad de financiamiento neto (-) (% del PIB)","Net lending (+) / net borrowing (–) equals government revenue minus expense, minus net investment in nonfinancial assets. It is also equal to the net result of transactions in financial assets and liabilities. Net lending/net borrowing is a summary measure indicating the extent to which government is either putting financial resources at the disposal of other sectors in the economy or abroad, or utilizing the financial resources generated by other sectors in the economy or from abroad.","Fondo Monetario Internacional, Anuario de estadísticas de finanzas públicas y archivos de datos.",
"GC.NLD.TOTL.CN","Capacidad de financiamiento neto (+)/necesidad de financiamiento neto (-) (UMN actual)","Net lending (+) / net borrowing (–) equals government revenue minus expense, minus net investment in nonfinancial assets. It is also equal to the net result of transactions in financial assets and liabilities. Net lending/net borrowing is a summary measure indicating the extent to which government is either putting financial resources at the disposal of other sectors in the economy or abroad, or utilizing the financial resources generated by other sectors in the economy or from abroad.","Fondo Monetario Internacional, Anuario de estadísticas de finanzas públicas y archivos de datos.",
"GC.NFN.TOTL.GD.ZS","Inversión neta en activos no financieros (% del PIB)","Net investment in government nonfinancial assets includes fixed assets, inventories, valuables, and nonproduced assets. Nonfinancial assets are stores of value and provide benefits either through their use in the production of goods and services or in the form of property income and holding gains. Net investment in nonfinancial assets also includes consumption of fixed capital.","Fondo Monetario Internacional, Anuario de estadísticas de finanzas públicas y archivos de datos.",
"GC.NFN.TOTL.CN","Inversión neta en activos no financieros (UMN actual)","Net investment in government nonfinancial assets includes fixed assets, inventories, valuables, and nonproduced assets. Nonfinancial assets are stores of value and provide benefits either through their use in the production of goods and services or in the form of property income and holding gains. Net investment in nonfinancial assets also includes consumption of fixed capital.","Fondo Monetario Internacional, Anuario de estadísticas de finanzas públicas y archivos de datos.",
"GC.LBL.TOTL.GD.ZS","Contracción neta de pasivos, total (% del PIB)","Net incurrence of government liabilities includes foreign financing (obtained from nonresidents) and domestic financing (obtained from residents), or the means by which a government provides financial resources to cover a budget deficit or allocates financial resources arising from a budget surplus. The net incurrence of liabilities should be offset by the net acquisition of financial assets.","Fondo Monetario Internacional, Anuario de estadísticas de finanzas públicas y archivos de datos.",
"GC.LBL.TOTL.CN","Contracción neta de pasivos, total (UMN actual)","Net incurrence of government liabilities includes foreign financing (obtained from nonresidents) and domestic financing (obtained from residents), or the means by which a government provides financial resources to cover a budget deficit or allocates financial resources arising from a budget surplus. The net incurrence of liabilities should be offset by the net acquisition of financial assets.","International Monetary Fund, Government Finance Statistics Yearbook and data files.",
"GC.DOD.TOTL.GD.ZS","Deuda del gobierno central, total (% del PIB)","La deuda es el saldo total de obligaciones contractuales directas a plazo fijo del Gobierno a otros pendientes en una fecha determinada. Incluye los pasivos internos y extranjeros, como dinero, depósitos a la vista, valores excepto acciones, y préstamos. Es el volumen bruto de pasivos del Gobierno menos el monto de acciones y derivados financieros en manos del Gobierno. Como la deuda es un saldo y no un flujo, se mide en una fecha determinada; por lo general, el ultimo día del ejercicio.","Fondo Monetario Internacional, Anuario de Estadísticas de las Finanzas Públicas y archivos de datos, y estimaciones del PIB del Banco Mundial y la OCDE.",
"GC.DOD.TOTL.CN","Deuda del gobierno central, total (UMN a precios actuales)","La deuda es el saldo total de obligaciones contractuales directas a plazo fijo del Gobierno a otros pendientes en una fecha determinada. Incluye los pasivos internos y extranjeros, como dinero, depósitos a la vista, valores excepto acciones, y préstamos. Es el volumen bruto de pasivos del Gobierno menos el monto de acciones y derivados financieros en manos del Gobierno. Como la deuda es un saldo y no un flujo, se mide en una fecha determinada; por lo general, el ultimo día del ejercicio.","Fondo Monetario Internacional, Anuario de Estadísticas de las Finanzas Públicas y archivos de datos.",
"GC.AST.TOTL.GD.ZS","Adquisición neta de activos financieros (% del PIB)","Net acquisition of government financial assets includes domestic and foreign financial claims, SDRs, and gold bullion held by monetary authorities as a reserve asset. The net acquisition of financial assets should be offset by the net incurrence of liabilities.","Fondo Monetario Internacional, Anuario de estadísticas de finanzas públicas y archivos de datos.",
"GC.AST.TOTL.CN","Adquisición neta de activos financieros (UMN actual)","Net acquisition of government financial assets includes domestic and foreign financial claims, SDRs, and gold bullion held by monetary authorities as a reserve asset. The net acquisition of financial assets should be offset by the net incurrence of liabilities.","International Monetary Fund, Government Finance Statistics Yearbook and data files.",
